Codigo,Ciudad,Departamento,Barrio,Direccion,Area Terreno,Area Construida,Detalle Disponibilidad,Estrato,Precio,Tipo de Inmueble,Datos Adicionales
17180,BOGOTA,CUNDINAMARCA,,AV CR 7 NO. 166 - 51 LT B,0,0,COMERCIALIZABLE CON RESTRICCION,TRES,29580811900,LOTE COMERCIAL,ESTE INMUEBLE SE COMERCIALIZARÁ A TRAVES DE SUBASTA ESPECIAL
19292,BOGOTA,CUNDINAMARCA,,CL 72 No. 12 - 77,0,0,COMERCIALIZABLE,COMERCIAL,16460591500,EDIFICIO,
19292,BOGOTA,CUNDINAMARCA,,CL 72 No. 12 - 77,0,0,COMERCIALIZABLE VENTA ANTICIPADA,COMERCIAL,16460591500,EDIFICIO,
2575,SOGAMOSO,BOYACÁ,CENTRO,CRA. 10 #11- 78/80 Ó CL 12 # 9 - 77/85 Ó CALLE 12 # 9 - 65/73 - SOGAMOSO,1655.08,7269,COMERCIALIZABLE CON RESTRICCION,CUATRO,13768280900,CLINICA,ESTE INMUEBLE SE COMERCIALIZARÁ A TRAVÉS DE SUBASTA PÚBLICA
11409,BUGA,VALLE DEL CAUCA,VEREDA CHAMBIMBAL,LT A1-A24 B1-B79 C1-C51 D1-D9 STA ROSA LT1-46 LT  1-7 1-10 1-11 KR 8 -37,3217197,22724,COMERCIALIZABLE FIDUCIA,RURAL,45233789820,LOTE MIXTO,
17120,PUERTO LOPEZ,META,,CLL. 9 N° 5-76 Y KR. 5A N° 9-44,0,0,COMERCIALIZABLE,TRES,4190155021,LOTE CON CONSTRUCCION,"LOTE DE TERRENO URBANO QUE CUENTA CON CONSTRUCCIONES TIPO BODEGA DE ALMACENAMIENTO, OFICINAS Y CASA. EL INMUEBLE SE ENCUENTRA UBICADO EN LA ESQUINA NOROCCIDENTAL DE LA INTERSECCION DE LA CRA 5 Y LA CALLE 9, ENFRENTE DEL HOSPITAL"
19340,TARAZA,ANTIOQUIA,,LETICIA 23 URUGUAY - PIEDRA BRAVA (CULTIVO CAUCHO),0,0,COMERCIALIZABLE TERCEROS,RURAL,3109306614,LOTE CON CONSTRUCCION,"INMUEBLE UBICADO EN EL CORREGIMIENTO DE LA CAUCANA, VEREDA PIEDRA BRAVA DEL MUNICIPIO DE TARAZÁ, LOTE DE TERRENO RURAL AGROPECUARIO, CON CULTIVO DE CAUCHO EL INMUEBLE SE ENCUENTRA CLASIFICADO DENTRO DEL SUELO RURAL DEL MUNICIPIO, EN ZONA DE INCENTIVO"
5017,RICAURTE,CUNDINAMARCA,CONDOMINIO CAMPESTRE MONACO,LT 1 TAMBACU HO GIRARDOT RESORT,25002.63,5142,COMERCIALIZABLE FIDUCIA,COMERCIAL,10407336173,HOTEL,
17865,FUNZA,CUNDINAMARCA,,CALLE 15 No. 1-70,0,0,COMERCIALIZABLE CON RESTRICCION,INDUSTRIAL,2100890600,BODEGA,
19304,BOGOTA,CUNDINAMARCA,,Av. 15 No. 127 B 78 Apto. 1201 - Edificio Mirador del Country,0,0,COMERCIALIZABLE TERCEROS,SEIS,2042687988,APARTAMENTO,
18980,ENVIGADO,ANTIOQUIA,,VEREDA PANTANILLO - CONDOMINIO CAMPESTRE PH - LOTE No. 9,0,0,COMERCIALIZABLE TERCEROS,RURAL,2041211340,LOTE VIVIENDA,"¡GRAN OPORTUNIDAD!, LOTE UBICADO EN EL CONDOMINIO CASA CAMPESTRE, CON EXCELENTE UBICACIÓN Y ÁREA. INMUEBLE PROPIEDAD UARIV"
18998,PEREIRA,RISARALDA,,SECTOR MARACAY A 1.5 KM VIA A CERRITOS FINCA EL TEJAR LOTE 32,0,0,COMERCIALIZABLE VENTA ANTICIPADA,CINCO,1946238900,FINCA,
19188,BUCARAMANGA,SANTANDER,,CARRERA 19  No. 102-40,0,0,EN PUJA,CUATRO,1935725000,EDIFICIO OFICINAS,
19143,CALI,VALLE DEL CAUCA,,Carrera 7 No. 50-35 ENER 22 Bodega de Alta Tensión,0,0,COMERCIALIZABLE TERCEROS,DOS,1802514500,BODEGA,ESTE INMUEBLE ES PROPIEDAD DE EMCALI
5616,CHIA,CUNDINAMARCA,VEREDA FONQUETA,FINCA SAN ANTONIO DE LOS VIENTOS - VEREDA FONQUETA CHIA,11130,570,COMERCIALIZABLE CON RESTRICCION,TRES,2558936000,FINCA,
19201,MEDELLIN,ANTIOQUIA,,Calle 4 No. 18-55 Apto. 1506 - Torre 1 - Balcones de la Calera,0,0,COMERCIALIZABLE TERCEROS,SEIS,1190905320,APARTAMENTO,"¡EXCELENTE OPORTUNIDAD! APARTAMENTO UBICADO EN EL POBLADO UNIDAD RESIDENCIAL BALCONES DE LA CALERA, ÁREA 241,80 M2. APARTAMENTO CON  3 HABITACIONES CON BAÑO Y CLOSET, ALCOBA PRINCIPAL BAÑO Y VESTIER, COMEDOR, SALA ESTAR, CUARTO Y BAÑO DE SERVICIO, CU"
5117,BOGOTA,CUNDINAMARCA,,KR 16B # 59A-03 SUR Ó CL 59B SUR # 13F-10,710.64,750.64,COMERCIALIZABLE CON RESTRICCION,INDUSTRIAL,1169682630,BODEGA,
19331,VILLAVICENCIO,META,,Calle 34 No. 41 - 31,0,0,COMERCIALIZABLE VENTA ANTICIPADA,CINCO,1040013730,CASA,
17648,BOGOTA,CUNDINAMARCA,,CALLE 82 NO 19A 14,0,0,COMERCIALIZABLE CON RESTRICCION,CINCO,4747362800,CASA,
17745,BOGOTA,CUNDINAMARCA,,CALLE 22D NO. 120-19  -FONTIBÓN,0,0,COMERCIALIZABLE CON RESTRICCION,INDUSTRIAL,25416536260,BODEGA,
17392,BOGOTA,CUNDINAMARCA,,KR 10A 22A 18 SUR - SOSIEGO - SECTOR FUCHA- MZ B-B/36 LT 35,0,0,COMERCIALIZABLE CON RESTRICCION,TRES,866644750,CASA,
19286,BOGOTA,CUNDINAMARCA,,CL 19 13A 12 LOCAL 01,0,0,COMERCIALIZABLE VENTA ANTICIPADA,COMERCIAL,784336820,LOCAL,
17394,BOGOTA,CUNDINAMARCA,,KR 10A-22 S 36,0,0,COMERCIALIZABLE CON RESTRICCION,TRES,713410050,CASA,
19285,BOGOTA,CUNDINAMARCA,,CL 19 13A 12 LOCAL,0,0,COMERCIALIZABLE VENTA ANTICIPADA,COMERCIAL,697548450,LOCAL,
19332,LA CEJA,ANTIOQUIA,,LOTE (1) PA QUE MAS - VEREDA NICOLAS,0,0,COMERCIALIZABLE TERCEROS,RURAL,693405250,LOTE CON CONSTRUCCION,"LOTE CON CONSTRUCCION DE DOS NIVELES TIPO CAMPESTRE CON ÁREA DE  482 MS APROX. Y UN ÁREA DE TERRENO DE 2.617 M2 APROXIMADOS EN MUNICIPIO LA CEJA VERDEA SAN NICOLAS,"
18976,CARTAGENA,BOLÍVAR,,LOTE No. 13 SEGREGADO DEL DENOMINADO GRACIAS A DIOS,0,0,COMERCIALIZABLE,RURAL,4527473614,LOTE INDUSTRIAL,"OPORTUNIDAD DE INVERTIR EN EXCELENTE PREDIO UBICADO SOBRE LA VÍA A MAMONAL, IMPORTANTE SECTOR INDUSTRIAL Y LOGÍSTICO DE CARTAGENA."
19335,TARAZA,ANTIOQUIA,,LETICIA 22 - PIEDRA BRAVA (CULTIVO DE CAUCHO),0,0,COMERCIALIZABLE TERCEROS,RURAL,616860411,LOTE CON CONSTRUCCION,"LOTE UBICADO EN EL CORREGIMIENTO DE LA CAUCANA, VEREDA PIEDRA BRAVA DEL MUNICIPIO DE TARAZÁ, LOTE DE TERRENO CON UN ÁREA DESTINADA A CULTIVO DE CAUCHO NO CUENTA CON CONSTRUCCIONES."
19342,TARAZA,ANTIOQUIA,,MONTEPIO 1 VEREDA QUINTERÓN (CULTIVO CAUCHO),0,0,COMERCIALIZABLE TERCEROS,RURAL,610203893,LOTE CON CONSTRUCCION,INMUEBLE RURAL UBICADO EN TARAZA ANTIOQUIA DESTINADO A CULTIVO DE CAUCHO CON UNA CONSTRUCCIÓN CON DESTINACIÓN ACTUAL DE ALMACENAMIENTO ADEMÁS CUENTA CON CERCA VIVA DE ÁRBOLES DE TECA.
19343,TARAZA,ANTIOQUIA,,MONTEPIO 2 VEREDA QUINTERÓN (CULTIVO CAUCHO),0,0,COMERCIALIZABLE TERCEROS,RURAL,591399414,LOTE CON CONSTRUCCION,"SE ENCUENTRA UBICADO EN EL CORREGIMIENTO DE LA CAUCANA, VEREDA QUINTERÓN DEL MUNICIPIO DE TARAZÁ, ACTUALMENTE LOTE DE TERRENO DESTINADA A CULTIVO DE CAUCHO, EL INMUEBLE SE ENCUENTRA CLASIFICADO DENTRO DEL SUELO RURAL DEL MUNICIPIO, EN ZONA DE INCENTI"
19344,TARAZA,ANTIOQUIA,,MONTEPIO 3 VEREDA QUINTERÓN (CULTIVO CAUCHO),0,0,COMERCIALIZABLE TERCEROS,RURAL,589300353,LOTE CON CONSTRUCCION,"SE ENCUENTRA UBICADO EN EL CORREGIMIENTO DE LA CAUCANA, VEREDA QUINTERÓN DEL MUNICIPIO DE TARAZÁ, ACTUALMENTE LOTE DE TERRENO DESTINADA A CULTIVO DE CAUCHO, EL INMUEBLE SE ENCUENTRA CLASIFICADO DENTRO DEL SUELO RURAL DEL MUNICIPIO, EN ZONA DE INCENTI"
19193,CAUCASIA,ANTIOQUIA,,Lote El Triángulo - Cra. 26 con Calle 15,0,0,COMERCIALIZABLE TERCEROS,TRES,552796000,LOTE,"LOTE DE TERRENO DE 4.892 M2, UBICADO EN CARRERA 26 CON CALLE 15, ACTUALMENTE SE ENCUENTRA ADECUADO PARA EL FUNCIONAMIENTO DE UNA CANCHA DE FÚTBOL."
19192,PUERTO BOYACA,BOYACÁ,,Carrera 6 No. 3 Bis 62,0,0,COMERCIALIZABLE TERCEROS,DOS,550361250,CASA,
19181,MONTERIA,CÓRDOBA,,CALLE 64 NO. 8 A 53 - BARRIO LA CASTELLANA,0,0,COMERCIALIZABLE TERCEROS,CINCO,535670500,CASA,
19006,MONTERIA,CÓRDOBA,,CALLE 59 NO. 10 A 48 - BRR. LA CASTELLANA,0,0,COMERCIALIZABLE TERCEROS,CUATRO,514454000,CASA,INMUEBLE PROPIEDAD DE LA UNIDAD DE REPARACIÓN DE VÍCTIMAS - UARIV
19202,TURBO,ANTIOQUIA,,Cra. 13 No. 102-23 - Buenos Aires,0,0,COMERCIALIZABLE TERCEROS,TRES,513681000,BODEGA,"¡GRAN OPORTUNIDAD DE INVERSIÓN!, BODEGA UBICADA EN TURBO BARRIO BUENOS AIRES, SECTOR CENTRAL DE ACTIVIDAD COMERCIAL SE ENCUENTRA CERCA A  CENTRO COMERCIAL SAN DIEGO, CONCEJO MUNICIPAL, IGLESIA NUESTRA SEÑORA DEL CARMEN, EMBARCADERO Y PARQUE DE TURBO."
19303,BOGOTA,CUNDINAMARCA,,Carrera 10 No. 19-79 Ofc. 905 - CAMACOL,0,0,COMERCIALIZABLE TERCEROS,TRES,503871960,OFICINA,
18640,LA DORADA,CALDAS,,INMUEBLE DENOMINADO MORROCOYAL,0,0,COMERCIALIZABLE CON RESTRICCION,COMERCIAL,19522132996,FINCA,"LOTE UBICADO EN SECTOR FERIAS VIEJAS DE LS DORADA CALDAS, CUENTA CON VARIAS CONSTRUCCIONES COMO PORTERÍA, BASCULA, AREA DE JUEGOS INFANTILES Y DOS CASAS UNA DE ELLA USADA COMO ALMACENAMIENTO"
12120,CALIMA EL DARIEN,VALLE DEL CAUCA,VEREDA PALERMO,LT 2,337995,0,COMERCIALIZABLE FIDUCIA,RURAL,5171323500,LOTE VIVIENDA,"EXCELENTE LOTE CON VISTA AL LAGO CALIMA, UBICADO EN EL EXCLUSIVO POYECTO DE CALIMA RESORT, CERCA A SITIOS DE INTERES COMO EL HOTEL COMFANDI."
19287,BOGOTA,CUNDINAMARCA,,CL 19 13A 12 LOCAL 104,0,0,COMERCIALIZABLE VENTA ANTICIPADA,COMERCIAL,466226810,LOCAL,
17345,PEREIRA,RISARALDA,AV 30 DE AGOSTO,CLL 69 O ACEESO A CUBA AV.  30 DE AGOSTO LOTE 2,0,0,COMERCIALIZABLE CON RESTRICCION,CUATRO,454689116.4,LOTE VIVIENDA,
18983,PUERTO BOYACA,BOYACÁ,,CRA. 5 No. 15 - 40,0,0,COMERCIALIZABLE TERCEROS,TRES,453180000,CASA,INMUEBLE PROPIEDAD DE LA UNIDAD PARA LAS VÍCTIMAS - INICIA RECEPCIÓN DE OFERTAS.
18831,EL PLAYON,SANTANDER,,CR. 5 # 12-47 LT 19 MZ K URB. EL REFUGIO,0,0,COMERCIALIZABLE CON RESTRICCION,TRES,447827419,LOTE VIVIENDA,CISA COMERCIALIZA EL LOTE DE TERRENO SIN LAS MEJORAS EN EL LEVANTADAS.
17797,BOGOTA,CUNDINAMARCA,,CR 70 No. 49-77,0,0,COMERCIALIZABLE CON RESTRICCION,CUATRO,1448241600,CASA,
10106,BARRANQUILLA,ATLÁNTICO,CENTRO,CALLE 39 NO 43 58 62 LC 1,0,0,COMERCIALIZABLE CON RESTRICCION,DOS,730379000,LOCAL,DESEAS INVERTIR ESTA ES LA OPORTUNIDAD LOCAL EN EL CENTRO DE LA CIUDAD CON UN ÁREA DE 247 METROS
19194,BUENAVISTA,CÓRDOBA,,Finca Nuevo Pensar - Hoy La Cabaña,0,0,COMERCIALIZABLE TERCEROS,RURAL,404780000,FINCA,"FINCA EN BUENA VISTA CORDOBA CORREGIMIENTO BELEN, VEREDA TIERRA SANTA CUENTA CON UN  ÁREA DE  370.000 M2 CUYA VOCACION ACTUAL ES AGROPECUARIO."
19196,MONTERIA,CÓRDOBA,,Parcela 7 Damasco - Vereda Guasimal,0,0,COMERCIALIZABLE TERCEROS,RURAL,392665000,FINCA,"INMUEBLE RURAL DE 35 HA UBICADA EN PARCELA 7 DAMASCO VEREDA GUASIMAL MUNICIPIO DE VALENCIA DEPARTAMENTO DE CÓRDOBA ,LOTE DE TERRENO CON DESTINACIÓN GANADERA"
19333,SONSON,ANTIOQUIA,,BUENOS AIRES - VEREDA LA MESA,0,0,COMERCIALIZABLE TERCEROS,RURAL,389433000,LOTE CON CONSTRUCCION,"INMUEBLE RURAL DESTINADO A VIVIENDA, CUENTA CON CASA PRINCIPAL, PISCINA Y ZONA DURA, PESEBRERA  UBICADO EN VEREDA LA MESA MUNICIPIO DE SONSON"
17653,SOATA,BOYACÁ,,CL 11  No. 4-45/47/49/53,0,0,COMERCIALIZABLE CON RESTRICCION,COMERCIAL,682988850,EDIFICIO,
19300,MEDELLIN,ANTIOQUIA,,Cra 43B No. 16 - 95 Edificio Cámara Colombiana de la Infraestructura. Of 0203,0,0,EN PUJA,COMERCIAL,691426800,OFICINA,"OFICINA UBICADA EDIFICIO CÁMARA COLOMBIA DE LA INFRAESTRUCTURA, PORCENTAJE DE PROPIEDAD 43.45% CUENTA CON UN ÁREA DE 98.55 M2,LOCALIZADO EN UN  RECONOCIDO SECTOR DEL POBLADO, EL CUAL CUENTA CON IMPORTANTES VÍAS DE ACCESO Y UBICACIÓN ESTRATÉGICA COMER"
12117,CALIMA EL DARIEN,VALLE DEL CAUCA,VEREDA PALERMO,LT 3B2,134000,763.06,COMERCIALIZABLE FIDUCIA,RURAL,3027404897,LOTE VIVIENDA,"CISA VENDE DERECHOS FIDUCIARIOS DEL 9.48%

FIDEICOMISO ADMINISTRADO POR ACCION FIDUCIARIA S.A."
19206,MEDELLIN,ANTIOQUIA,,CL 49B  No. 64B-54  ED SAN PABLO  OF 207,0,0,COMERCIALIZABLE VENTA ANTICIPADA,CINCO,268847500,OFICINA,"¡GRAN OPORTUNIDAD! OFICINA UBICADA EN EL EDIFICIO SAN PABLO EN EL BARRIO SURAMERICANA, LA OFICINA  SE DISTRIBUYE DE LA SIGUIENTE MANERA: ACCESO, RECEPCIÓN, OFICINA EN UN SOLO AMBIENTE, DEPOSITO, BAÑO Y COCINA CON UN ÁREA DE 78 M2."
19001,PUERTO BOYACA,BOYACÁ,,CR 6 NO. 15-15,0,0,COMERCIALIZABLE TERCEROS,UNO,268574800,CASA,INMUEBLE PROPIEDAD DE LA UNIDAD DE REPARACIÓN DE VÍCTIMAS - UARIV
17993,BOGOTA,CUNDINAMARCA,,AV. 13 # 108-28/48 APARTASUITE 503. ED. LANCASTER HOUSE P.H.,0,0,COMERCIALIZABLE CON RESTRICCION,SEIS,428457000,APARTAMENTO,"EL EDIFICIO LANCASTER HOUSE PH. DEL QUE HACE PARTE EL APARTA SUITE EN ESTUDIO, ESTÁ UBICADO EN EL COSTADO ORIENTAL DE LA AVENIDA CARRERA 45 (PARALELA ORIENTAL DE LA AUTOPISTA NORTE, ANTES DENOMINADA AVENIDA 13), ENTRE LAS CALLES 106 B Y 107, BARRIO S"
19197,MONTERIA,CÓRDOBA,,Parcela 5 Damasco - Vereda Guasimal,0,0,COMERCIALIZABLE TERCEROS,RURAL,264330000,FINCA,"INMUEBLE RURAL, LOTE DE TERRENO PARCELA #5 DAMASCO VEREDA GUASIMAL MONTERIA - CÓRDOBA CON DESTINACION AGROPECUARIO"
12114,CALIMA EL DARIEN,VALLE DEL CAUCA,VEREDA PALERMO,LT 1B,175982,0,COMERCIALIZABLE FIDUCIA,RURAL,2704524600,LOTE VIVIENDA,"CISA VENDE DERECHOS FIDUCIARIOS DEL 9.48%

FIDEICOMISO ADMINISTRADO POR ACCION FIDUCIARIA S.A."
12113,CALIMA EL DARIEN,VALLE DEL CAUCA,VEREDA PALERMO,LT 4,71143,745.33,COMERCIALIZABLE FIDUCIA,RURAL,2700092084,LOTE VIVIENDA,"CISA VENDE DERECHOS FIDUCIARIOS DEL 9.48%

FIDEICOMISO ADMINISTRADO POR ACCION FIDUCIARIA S.A."
19205,MEDELLIN,ANTIOQUIA,,CL 49B  No. 64B-54  ED SAN PABLO  OF 302,0,0,COMERCIALIZABLE VENTA ANTICIPADA,CINCO,253872000,OFICINA,"¡GRAN OPORTUNIDAD! OFICINA UBICADA EN EL EDIFICIO SAN PABLO EN EL BARRIO SURAMERICANA, LA OFICINA  SE DISTRIBUYE DE LA SIGUIENTE MANERA: ACCESO, RECEPCIÓN, OFICINA EN UN SOLO AMBIENTE, DEPOSITO, BAÑO Y COCINA CON UN ÁREA DE 72 M2"
13270,MANIZALES,CALDAS,EL CENTRO,KR 22 # 29-31 LC S-8 CENTRO COMERCIAL PARQUE CALDAS,0,91.47,COMERCIALIZABLE CON RESTRICCION,COMERCIAL,837590790,LOCAL,"LOCAL UBICADO EN EL CENTRO COMERCIAL PARQUE CALDAS- MANIZALES , PORCENTAJE DE PROPIEDAD DEL 28.4016%, CON ÁREA PRIVADA DE 91.47MT2."
19341,TARAZA,ANTIOQUIA,,FINCA LA LUNA AVICOLA SAN JUAN (CULTIVO CAUCHO),0,0,COMERCIALIZABLE TERCEROS,RURAL,230611914,LOTE CON CONSTRUCCION,"LOTE DE 15 HECATRAEAS CON CULTIVO DE CAUCHO UBICADO EN TARZA ANTIOQUIA VEREDA LA PRIMAVERA, ADICIONALMENTE CUENTA CON UNA CONSTRUCCION CON USO ACTUAL DE ALMACENAMIENTO."
19161,SONSON,ANTIOQUIA,,CRA. 1 No. 31-57/63 - CORREGIMIENTO SAN MIGUEL,0,0,COMERCIALIZABLE TERCEROS,UNO,228904300,CASA,"CASA UBICADA EN EL CENTRO DE LA INSPECCION MUNICIPAL DE SAN MIGUEL, CON ÁREA DE 296 M2, DISTRIBUIDOS ASI: SALA COMEDOR BAÑO SOCIAL, COCINA, 5 ALCOBAS CON BAÑO PRIVADO, PATIO, DEPOSITO, ZONA DE LAVADO"
12112,CALIMA EL DARIEN,VALLE DEL CAUCA,VEREDA PALERMO,RESERVA FORESTAL LT 1A,2187863,0,COMERCIALIZABLE FIDUCIA,RURAL,2406650268,LOTE MIXTO,"CISA VENDE DERECHOS FIDUCIARIOS DEL 9.48%

FIDEICOMISO ADMINISTRADO POR ACCION FIDUCIARIA S.A."
19210,BARRANQUILLA,ATLÁNTICO,,CR 51 B No. 76-136 ED CENTRO EMPRESARIAL LA PREVISORA OFICINA 204 PARQUEADERO 47,0,0,COMERCIALIZABLE,SEIS,222132480,OFICINA,"NO PIERDAS LA OPORTUNIDAD DE UBICAR TU OFICINA EN UN EXCELENTE SECTOR DE LA CIUDAD, CUENTA CON EL ESPACIO QUE NECESITAS."
19210,BARRANQUILLA,ATLÁNTICO,,CR 51 B No. 76-136 ED CENTRO EMPRESARIAL LA PREVISORA OFICINA 204 PARQUEADERO 47,0,0,COMERCIALIZABLE VENTA ANTICIPADA,SEIS,222132480,OFICINA,"NO PIERDAS LA OPORTUNIDAD DE UBICAR TU OFICINA EN UN EXCELENTE SECTOR DE LA CIUDAD, CUENTA CON EL ESPACIO QUE NECESITAS."
19203,NORCASIA,CALDAS,,La Esperanza - Vereda La Quiebra de Roque,0,0,COMERCIALIZABLE TERCEROS,RURAL,214110000,FINCA,¡GRAN OPORTUNIDAD! FINCA LA ESPERANZA UBICADA EN NORCASIA- QUIEBRA DE ROCHE
19209,BARRANQUILLA,ATLÁNTICO,,CR 51 B No. 76-136 ED CENTRO EMPRESARIAL LA PREVISORA OFICINA 203 PARQUEADERO 46,0,0,COMERCIALIZABLE,SEIS,213205760,OFICINA,"NO PIERDAS LA OPORTUNIDAD DE UBICAR TU OFICINA EN UN EXCELENTE SECTOR DE LA CIUDAD, CUENTA CON EL ESPACIO QUE NECESITAS."
19209,BARRANQUILLA,ATLÁNTICO,,CR 51 B No. 76-136 ED CENTRO EMPRESARIAL LA PREVISORA OFICINA 203 PARQUEADERO 46,0,0,COMERCIALIZABLE VENTA ANTICIPADA,SEIS,213205760,OFICINA,"NO PIERDAS LA OPORTUNIDAD DE UBICAR TU OFICINA EN UN EXCELENTE SECTOR DE LA CIUDAD, CUENTA CON EL ESPACIO QUE NECESITAS."
19211,BARRANQUILLA,ATLÁNTICO,,CR 51 B No. 76-136 ED CENTRO EMPRESARIAL LA PREVISORA OFICINA 205 PARQUEADERO 48,0,0,COMERCIALIZABLE,SEIS,213205760,OFICINA,"NO PIERDAS LA OPORTUNIDAD DE UBICAR TU OFICINA EN UN EXCELENTE SECTOR DE LA CIUDAD, CUENTA CON EL ESPACIO QUE NECESITAS."
19211,BARRANQUILLA,ATLÁNTICO,,CR 51 B No. 76-136 ED CENTRO EMPRESARIAL LA PREVISORA OFICINA 205 PARQUEADERO 48,0,0,COMERCIALIZABLE VENTA ANTICIPADA,SEIS,213205760,OFICINA,"NO PIERDAS LA OPORTUNIDAD DE UBICAR TU OFICINA EN UN EXCELENTE SECTOR DE LA CIUDAD, CUENTA CON EL ESPACIO QUE NECESITAS."
12116,CALIMA EL DARIEN,VALLE DEL CAUCA,VEREDA PALERMO,LT 3B1,131627,0,COMERCIALIZABLE FIDUCIA,RURAL,2237659000,LOTE VIVIENDA,"CISA VENDE DERECHOS FIDUCIARIOS DEL 9.48%

FIDEICOMISO ADMINISTRADO POR ACCION FIDUCIARIA S.A."
18982,PUERTO BOYACA,BOYACÁ,,CRA. 2 A No. 32 - 11,0,0,COMERCIALIZABLE TERCEROS,DOS,187458000,CASA,INMUEBLE PROPIEDAD DE LA UNIDAD PARA LAS VÍCTIMAS - INICIA RECEPCIÓN DE OFERTAS.
19212,BARRANQUILLA,ATLÁNTICO,,CR 51 B No. 76-136 ED CENTRO EMPRESARIAL LA PREVISORA OFICINA 206 PARQUEADERO 32,0,0,COMERCIALIZABLE,SEIS,186144000,OFICINA,"NO PIERDAS LA OPORTUNIDAD DE UBICAR TU OFICINA EN UN EXCELENTE SECTOR DE LA CIUDAD, CUENTA CON EL ESPACIO QUE NECESITAS."
19212,BARRANQUILLA,ATLÁNTICO,,CR 51 B No. 76-136 ED CENTRO EMPRESARIAL LA PREVISORA OFICINA 206 PARQUEADERO 32,0,0,COMERCIALIZABLE VENTA ANTICIPADA,SEIS,186144000,OFICINA,"NO PIERDAS LA OPORTUNIDAD DE UBICAR TU OFICINA EN UN EXCELENTE SECTOR DE LA CIUDAD, CUENTA CON EL ESPACIO QUE NECESITAS."
19213,BARRANQUILLA,ATLÁNTICO,,CR 51 B No. 76-136 ED CENTRO EMPRESARIAL LA PREVISORA OFICINA 207 PARQUEADERO 33,0,0,COMERCIALIZABLE,SEIS,186144000,OFICINA,"NO PIERDAS LA OPORTUNIDAD DE UBICAR TU OFICINA EN UN EXCELENTE SECTOR DE LA CIUDAD, CUENTA CON EL ESPACIO QUE NECESITAS."
19213,BARRANQUILLA,ATLÁNTICO,,CR 51 B No. 76-136 ED CENTRO EMPRESARIAL LA PREVISORA OFICINA 207 PARQUEADERO 33,0,0,COMERCIALIZABLE VENTA ANTICIPADA,SEIS,186144000,OFICINA,"NO PIERDAS LA OPORTUNIDAD DE UBICAR TU OFICINA EN UN EXCELENTE SECTOR DE LA CIUDAD, CUENTA CON EL ESPACIO QUE NECESITAS."
17573,SANMIGUEL,PUTUMAYO,,CENTRO NACIONAL DE ATENCION DE FRONTERAS - CENAF,0,0,COMERCIALIZABLE CON RESTRICCION,RURAL,185848000,LOTE CON CONSTRUCCION,
17358,MANIZALES,CALDAS,,CLL 5A N° 20-88 LOS ALCAZARES,0,0,COMERCIALIZABLE CON RESTRICCION,CUATRO,182340000,LOTE VIVIENDA,"LOTE PARA VIVIENDA AREA APROXIMADA DE 202.6 MTS, MUNICIPIO MANIZALES SECTOR LOS ALCAZERES"
19162,PIEDECUESTA,SANTANDER,,CRA. 5 C NO. 19-18 - BARRIO PASEO DEL PUENTE,0,0,COMERCIALIZABLE TERCEROS,TRES,178310000,CASA,
19337,TARAZA,ANTIOQUIA,,LETICIA 20 - PIEDRA BRAVA,0,0,COMERCIALIZABLE TERCEROS,RURAL,178106700,LOTE,"INMUEBLE UBICADO EN EL CORREGIMIENTO DE LA CAUCANA, VEREDA PIEDRA BRAVA DEL MUNICIPIO DE TARAZÁ, LOTE DE TERRENO RURAL AGROPECUARIO, CON CULTIVO DE CAUCHO EL INMUEBLE SE ENCUENTRA CLASIFICADO DENTRO DEL SUELO RURAL DEL MUNICIPIO, EN ZONA DE INCENTIVO"
18706,MANIZALES,CALDAS,,CL. 12 # 2A-05 LOCAL B-4 TORRE B,0,0,COMERCIALIZABLE CON RESTRICCION,CUATRO,168826320,LOCAL,"¡GRAN OPORTUNIDAD!, LOCAL COMERCIAL UBICADO EN MANIZALES EN EL BARRIO VILLA PILAR, CON ÁREA DE 95.49MT2"
18547,BOGOTA,CUNDINAMARCA,,CL 42 A SUR  72H 18,0,0,COMERCIALIZABLE CON RESTRICCION,DOS,167418000,CASA,
12121,CALIMA EL DARIEN,VALLE DEL CAUCA,VEREDA PALERMO,LT 3A,109627.44,0,COMERCIALIZABLE FIDUCIA,RURAL,1754039040,LOTE VIVIENDA,"CISA VENDE DERECHOS FIDUCIARIOS DEL 9.48%

FIDEICOMISO ADMINISTRADO POR ACCION FIDUCIARIA S.A."
18644,BARRANQUILLA,ATLÁNTICO,EL PRADO,CARRERA 54 # 68-124,0,0,COMERCIALIZABLE CON RESTRICCION,COMERCIAL,3535117700,LOTE CON CONSTRUCCION,
19214,BARRANQUILLA,ATLÁNTICO,,CR 51 B No. 76-136 ED CENTRO EMPRESARIAL LA PREVISORA OFICINA 208,0,0,COMERCIALIZABLE,SEIS,159019520,OFICINA,"NO PIERDAS LA OPORTUNIDAD DE UBICAR TU OFICINA EN UN EXCELENTE SECTOR DE LA CIUDAD, CUENTA CON EL ESPACIO QUE NECESITAS."
19214,BARRANQUILLA,ATLÁNTICO,,CR 51 B No. 76-136 ED CENTRO EMPRESARIAL LA PREVISORA OFICINA 208,0,0,COMERCIALIZABLE VENTA ANTICIPADA,SEIS,159019520,OFICINA,"NO PIERDAS LA OPORTUNIDAD DE UBICAR TU OFICINA EN UN EXCELENTE SECTOR DE LA CIUDAD, CUENTA CON EL ESPACIO QUE NECESITAS."
19198,VALENCIA,CÓRDOBA,,Predio La Cabaña - Vereda Tinajones - Corregimiento Villanueva,0,0,COMERCIALIZABLE TERCEROS,RURAL,145587375,FINCA,"LOTE CON CONSTRUCCION LA CABAÑA UBICADO EN EL CORREGIMIENTO DE VILLANUEVA, DEL MUNICIPIO DE VALENCIA, DEPARTAMENTO DE CÓRDOBA,USO PRINCIPAL:
GENERACIÓN DE PRODUCTOS AGRÍCOLAS CON FORESTALES MADERABLES Y NO MADERABLES, BAJO EL CONCEPTO DE MANEJO SOSTE"
18795,BARRANQUILLA,ATLÁNTICO,,CL. 50 # 10 SUR -55,0,0,COMERCIALIZABLE CON RESTRICCION,UNO,144636000,LOTE VIVIENDA,CISA VENDE SOLO EL LOTE. LA CONSTRUCCION ES DE TERCEROS
11787,SANTANDER DE QUILICHAO,CAUCA,PARQUE IND CAUCADESA,LT 8 ET I  PARQUE INDUSTRIAL  CAUCADESA,46126,0,COMERCIALIZABLE CON RESTRICCION,RURAL,1416213286,LOTE INDUSTRIAL,"LOTE TERRENO NETO , EN PROINDIVISO, SEMI-URBANIZADO, DE CONFIGURACION IRREGULAR UBICADO EN ZONA INDUSTRIAL PROPICIO PARA EL DESARROLLO DE BODEGAS."
19220,TULUA,VALLE DEL CAUCA,,Calle 42 A No. 24-79,0,0,COMERCIALIZABLE TERCEROS,CUATRO,130099200,LOTE VIVIENDA,
18568,PEREIRA,RISARALDA,,LOTE - 2,0,0,COMERCIALIZABLE CON RESTRICCION,RURAL,1101246490,BODEGA,
2669,LA CALERA,CUNDINAMARCA,LA CALERA,LOTE 3 PARCELACIÓN LOS CERROS HACIENDA SAN RAFAEL,30000,0,COMERCIALIZABLE CON RESTRICCION,RURAL,552000000,LOTE VIVIENDA,
19199,VALENCIA,CÓRDOBA,,Predio Finca Sam Andrés - Vereda Tinajones - Corregimiento Villanueva,0,0,COMERCIALIZABLE TERCEROS,RURAL,100645710,FINCA,"INMUEBLE RURAL DESTINADO A GANADERÍA, EL PREDIO EN SU MAYORÍA CUENTA CON UNA TOPOGRAFÍA PLANA,  EL PREDIO CUENTA CON SUMINISTRO DE ENERGÍA ELÉCTRICA."
17350,PEREIRA,RISARALDA,AV 30 DE AGOSTO,CLL 69 O ACEESO A CUBA AV.  30 DE AGOSTO LOTE 10,0,0,COMERCIALIZABLE CON RESTRICCION,DOS,100138200,LOTE VIVIENDA,
18806,BARRANQUILLA,ATLÁNTICO,,CL. 45G # 16 SUR-08,0,0,COMERCIALIZABLE CON RESTRICCION,DOS,99324000,LOTE VIVIENDA,CISA VENDE SOLO EL LOTE. LA CONSTRUCCION ES DE TERCEROS
12115,CALIMA EL DARIEN,VALLE DEL CAUCA,VEREDA PALERMO,LT 1C,64000,700,COMERCIALIZABLE FIDUCIA,RURAL,1042886694,LOTE VIVIENDA,"LOTE DE TERRENO QUE HACE PARTE DEL PROYECTO CALIMA RESORT, SECTOR QUE SE CARACTERIZA POR SER UNO DE LOS SITIOS MÁS IMPORTANTES DE INTERÉS AMBIENTAL, PAISAJÍSTICO Y RECREACIONAL DEL VALLE DEL CAUCA."
19005,TIERRALTA,CÓRDOBA,,CR 8 A NO. 8-42 - BRR. 20 DE JULIO,0,0,COMERCIALIZABLE TERCEROS,UNO,98360090,CASA,INMUEBLE PROPIEDAD DE LA UNIDAD DE REPARACIÓN DE VÍCTIMAS - UARIV
17107,ACANDI,CHOCÓ,,CORREGIMIENTO TITUMATE,0,0,COMERCIALIZABLE,COMERCIAL,93776684.08,LOTE VIVIENDA,"GRAN OPORTUNIDAD DE INVERSIÓN LOTE CON ÁREA DE 720 M2 UBICADO EN ACANDÍ – CHOCO, EL SECTOR DONDE SE ENCUENTRA UBICADO EL LOTE, PREDOMINA EL USO RESIDENCIAL DE TIPO UNIFAMILIAR. TOPOGRAFÍA PLANA."
19338,TARAZA,ANTIOQUIA,,APARTAMENTO 101 BLOQUE 1,0,0,COMERCIALIZABLE TERCEROS,DOS,83179100,APARTAMENTO,"APARTAMENTO 101 ÁREA APROXIMADA DE 105.29 M2, BLOQUE 1 URBANIZACIÓN SAN MARTIN MUNICIPIO TARAZÁ, BUENAS VIAS DE ACCESO"
17344,PEREIRA,RISARALDA,AV 30 DE AGOSTO,AVENIDA 30 DE AGOSTO CLL 69 O ACCESO A CUBA LOTE J. IDENT. COMO LOTE 20,0,0,COMERCIALIZABLE CON RESTRICCION,CUATRO,80844118.53,LOTE VIVIENDA,
18632,BOGOTA,CUNDINAMARCA,,CARRERA 9 # 17 - 54 OFICINA 508,0,0,COMERCIALIZABLE,COMERCIAL,77202090,OFICINA,
12119,CALIMA EL DARIEN,VALLE DEL CAUCA,VEREDA PALERMO,LT 3B4,37861.33,1765,COMERCIALIZABLE FIDUCIA,RURAL,810975010,LOTE VIVIENDA,"LOTE DE TERRENO QUE HACE PARTE DEL PROYECTO CALIMA RESORT, SECTOR QUE SE CARACTERIZA POR SER UNO DE LOS SITIOS MÁS IMPORTANTES DE INTERÉS AMBIENTAL, PAISAJÍSTICO Y RECREACIONAL DEL VALLE DEL CAUCA."
19218,VILLAVICENCIO,META,,Carrera 21 B No. 36-02 Manzana H Casa 1,0,0,COMERCIALIZABLE TERCEROS,TRES,72976720,CASA,
17106,ACANDI,CHOCÓ,,CORREGIMIENTO DE GILGAL,0,0,COMERCIALIZABLE CON RESTRICCION,COMERCIAL,67320232.56,LOTE VIVIENDA,"GRAN OPORTUNIDAD DE INVERSIÓN LOTE CON ÁREA DE 589 M2 UBICADO EN ACANDÍ – CHOCO, EL SECTOR DONDE SE ENCUENTRA UBICADO EL LOTE, PREDOMINA EL USO RESIDENCIAL DE TIPO UNIFAMILIAR. TOPOGRAFÍA PLANA."
19195,MONTERIA,CÓRDOBA,,Parcela 8 Castillo Diaz - Las Tangas. Vereda Guasimal,0,0,COMERCIALIZABLE TERCEROS,RURAL,66820196,FINCA,"INMUEBLE RURAL, CORREGIMIENTO DE VILLA NUEVA, MUNICIPIO DE VALENCIA, LOTE DE TERRENO CON DESTINACIÓN AGRICOLA - GANADERA, CON 8.92 HA"
19339,TARAZA,ANTIOQUIA,,CALLE 47B N° 27 - 25 APARTAMENTO 201 BLOQUE 3,0,0,COMERCIALIZABLE TERCEROS,DOS,66744770,APARTAMENTO,"APARTAMENTO UBICADO EN LA URBANIZACION SAN MARTIN II MUNICIPIO DE TARAZÁ ÁREA 92.83 M2 APROX. CON UNA DISTRIBUCIÓN TRES HABITACIONES, DOS BAÑOS, PATIO DESCUBIERTO CON ZONA DE ROPAS, SALA – COMEDOR Y COCINA."
17861,EL ROSAL,CUNDINAMARCA,,LA MANCHA VEREDA PUERTA DEL CUERO,0,0,COMERCIALIZABLE CON RESTRICCION,RURAL,10683777981,LOTE CON CONSTRUCCION,
18959,CARTAGENA,BOLÍVAR,ALTO BOSQUE,Diagonal 22 No. 53 - 41 Urb. Rincón del Alto Bosque PH Etapa I Bl 1 Apto 408 Dúplex,0,0,COMERCIALIZABLE CON RESTRICCION,TRES,131355000,APARTAMENTO,OPORTUNIDAD DE INVERTIR EN APARTAMENTO DÚPLEX EN CONJUNTO RESIDENCIAL ALTO BOSQUE. IMPORTANTE MULTIFAMILIAR EN BARRIO EL BOSQUE EN CARTAGENA.
18958,CARTAGENA,BOLÍVAR,ALTO BOSQUE,Diagonal 22 No. 53 - 41 Urb. Rincón del Alto Bosque PH Etapa II Bl 4 Apto 407 Dúplex,0,0,COMERCIALIZABLE CON RESTRICCION,TRES,125370000,APARTAMENTO,OPORTUNIDAD DE INVERTIR EN APARTAMENTO DÚPLEX EN CONJUNTO RESIDENCIAL ALTO BOSQUE. IMPORTANTE MULTIFAMILIAR EN BARRIO EL BOSQUE EN CARTAGENA.
17351,PEREIRA,RISARALDA,AV 30 DE AGOSTO,CLL 69 O ACEESO A CUBA AV.  30 DE AGOSTO LOTE 12,0,0,COMERCIALIZABLE CON RESTRICCION,DOS,53401590,LOTE VIVIENDA,
19219,SAN MARTIN,META,,Calle 1 A No. 8-114 -Manzana G-23 - Lote 11,0,0,COMERCIALIZABLE TERCEROS,TRES,50600000,LOTE VIVIENDA,
19131,BOGOTA,CUNDINAMARCA,,CARRERA 42 A  No. 10 A - 09,0,0,COMERCIALIZABLE,TRES,3336090000,BODEGA,
17404,BOGOTA,CUNDINAMARCA,,KR 45B 38 27 SUR MUZU ETAPA 2 COMERCIO N° 1 MZ 17 LOCAL,0,0,COMERCIALIZABLE CON RESTRICCION,TRES,42570000,LOCAL,
18532,VILLAVICENCIO,META,,CENTRAL MINORISTA DE ABASTOS DE VILLAVICENCIO - CEMERCA Local R0702,0,0,COMERCIALIZABLE,COMERCIAL,40468000,LOCAL,
19142,CALI,VALLE DEL CAUCA,,Km 8 Vía al Mar Hacienda Saratoga AG 23 Lote 15A,0,0,COMERCIALIZABLE TERCEROS,RURAL,38149440,LOTE CON CONSTRUCCION,"INVIERTA EN ESTE TERRENO CAMPESTRE EN UNA ZONA DE CLIMA TEMPLADO Y BELLOS PAISAJES, SOBRE LA VÍA AL MAR.  EL SECTOR CUENTA CON LOS SERVICIOS DE ACUEDUCTO, GAS NATURAL Y ENERGÍA. CERCANIA CON EL PARADERO DE JEEPS DE PATIO BONITO Y EL CAI FORESTAL."
18439,VILLAVICENCIO,META,,CENTRAL MINORISTA DE ABASTOS DE VILLAVICENCIO - CEMERCA Local G0601,0,0,COMERCIALIZABLE,COMERCIAL,37509500,LOCAL,
18443,VILLAVICENCIO,META,,CENTRAL MINORISTA DE ABASTOS DE VILLAVICENCIO - CEMERCA Local G0608,0,0,COMERCIALIZABLE,COMERCIAL,36039500,LOCAL,
17341,PEREIRA,RISARALDA,AV 30 DE AGOSTO,CLL 69 O ACEESO A CUBA AV.  30 DE AGOSTO LOTE 11,0,0,COMERCIALIZABLE CON RESTRICCION,DOS,34015370,LOTE VIVIENDA,
18850,CARTAGENA,BOLÍVAR,,"KILÓMETRO 4  DE LA VÍA MAMONAL  CARRERA 56, #60D-240, #60D-170, BODEGA 24 BARRIO ARROZ BARATO SECTOR PUERTA DE HIERRO",0,0,COMERCIALIZABLE,INDUSTRIAL,1764406000,BODEGA,"ESTE PORCENTAJE DE PROPIEDAD SE VENDE JUNTO CON OTROS 14 QUE CORRESPONDEN A BODEGAS UBICADAS EN LA  MISMA ZONA, POR UN PRECIO MINIMO DE VENTA DE $280.772.600."
18445,VILLAVICENCIO,META,,CENTRAL MINORISTA DE ABASTOS DE VILLAVICENCIO - CEMERCA Local G0611,0,0,COMERCIALIZABLE,COMERCIAL,31335500,LOCAL,
19141,CALI,VALLE DEL CAUCA,,Km 8 Vía al Mar Saladito AG 22 Lote 9E,0,0,COMERCIALIZABLE TERCEROS,RURAL,31062880,LOTE CON CONSTRUCCION,"INVIERTA EN ESTE TERRENO CAMPESTRE EN UNA ZONA DE CLIMA TEMPLADO Y BELLOS PAISAJES, SOBRE LA VÍA AL MAR.  EL SECTOR CUENTA CON LOS SERVICIOS DE ACUEDUCTO, GAS NATURAL Y ENERGÍA. CERCANIA CON EL PARADERO DE JEEPS DE PATIO BONITO Y EL CAI FORESTAL."
19330,BOGOTA,CUNDINAMARCA,,KR 100 17A 41 LC 334,0,0,COMERCIALIZABLE CON RESTRICCION,TRES,30368800,LOCAL,
18522,VILLAVICENCIO,META,,CENTRAL MINORISTA DE ABASTOS DE VILLAVICENCIO - CEMERCA Local R0301,0,0,COMERCIALIZABLE,COMERCIAL,29596000,LOCAL,
18523,VILLAVICENCIO,META,,CENTRAL MINORISTA DE ABASTOS DE VILLAVICENCIO - CEMERCA Local R0302,0,0,COMERCIALIZABLE,COMERCIAL,29596000,LOCAL,
18524,VILLAVICENCIO,META,,CENTRAL MINORISTA DE ABASTOS DE VILLAVICENCIO - CEMERCA Local R0303,0,0,COMERCIALIZABLE,COMERCIAL,29596000,LOCAL,
18525,VILLAVICENCIO,META,,CENTRAL MINORISTA DE ABASTOS DE VILLAVICENCIO - CEMERCA Local R0403,0,0,COMERCIALIZABLE,COMERCIAL,29596000,LOCAL,
12732,CALI,VALLE DEL CAUCA,VEREDA EL SALADITO,LOTE 9C DIVISION REALIZADA A LA ANTIGUA HACIENDA SARATOGA,0,0,COMERCIALIZABLE,RURAL,29407403.52,LOTE MIXTO,"INVIERTA EN ESTE TERRENO CAMPESTRE EN UNA ZONA DE CLIMA TEMPLADO Y BELLOS PAISAJES, SOBRE LA VÍA AL MAR.  EL SECTOR CUENTA CON LOS SERVICIOS DE ACUEDUCTO, GAS NATURAL Y ENERGÍA, CERCANIA CON LA ESTACION DE SERVICIO ESSO. LOTE EN PENDIENTE 100%."
19296,BOGOTA,CUNDINAMARCA,,Garaje 14 Calle 123 9C-45 Edificio EDJAK,0,0,COMERCIALIZABLE,CINCO,29185200,GARAJE,
19295,BOGOTA,CUNDINAMARCA,,Garaje 15 Calle 123 9C-45 Edificio EDJAK,0,0,COMERCIALIZABLE,CINCO,28981920,GARAJE,
18499,VILLAVICENCIO,META,,CENTRAL MINORISTA DE ABASTOS DE VILLAVICENCIO - CEMERCA Local G1301,0,0,COMERCIALIZABLE,COMERCIAL,28959000,LOCAL,
18038,GIRARDOT,CUNDINAMARCA,,LOCAL 15 CENTRO COMERCIAL EL PEÑON INN PLAZA,0,0,COMERCIALIZABLE CON RESTRICCION,COMERCIAL,84262517.5,LOCAL,
17342,PEREIRA,RISARALDA,AV 30 DE AGOSTO,CLL 69 O ACEESO A CUBA AV.  30 DE AGOSTO LOTE 15,0,0,EN PUJA,CUATRO,28427892.82,LOTE VIVIENDA,
18837,CARTAGENA,BOLÍVAR,,"KILÓMETRO 4  DE LA VÍA MAMONAL  CARRERA 56, #60D-240, #60D-170, BODEGA 1 BARRIO ARROZ BARATO SECTOR PUERTA DE HIERRO",0,0,COMERCIALIZABLE CON RESTRICCION,INDUSTRIAL,1504512000,BODEGA,"ESTE PORCENTAJE DE PROPIEDAD SE VENDE JUNTO CON OTROS 14 QUE CORRESPONDEN A BODEGAS UBICADAS EN LA  MISMA ZONA, POR UN PRECIO MINIMO DE VENTA DE $280.772.600."
18840,CARTAGENA,BOLÍVAR,,"KILÓMETRO 4  DE LA VÍA MAMONAL  CARRERA 56, #60D-240, #60D-170, BODEGA 4 BARRIO ARROZ BARATO SECTOR PUERTA DE HIERRO",0,0,COMERCIALIZABLE CON RESTRICCION,INDUSTRIAL,1452272000,BODEGA,"ESTE PORCENTAJE DE PROPIEDAD SE VENDE JUNTO CON OTROS 14 QUE CORRESPONDEN A BODEGAS UBICADAS EN LA  MISMA ZONA, POR UN PRECIO MINIMO DE VENTA DE $280.772.600."
18176,VILLAVICENCIO,META,,CENTRAL MINORISTA DE ABASTOS DE VILLAVICENCIO - CEMERCA Local A2604,0,0,COMERCIALIZABLE,COMERCIAL,27034500,LOCAL,
17190,BUENAVENTURA,VALLE DEL CAUCA,GALEÓN ZONA B,KR 50  N° 4-20  BARRIO GALEON ZONA B,0,0,COMERCIALIZABLE CON RESTRICCION,TRES,26924299,LOTE VIVIENDA,
17007,BUCARAMANGA,SANTANDER,,CALLE 9 NO. 15 79/89 BARRIO CHAPINERO,0,0,COMERCIALIZABLE CON RESTRICCION,DOS,1092904000,BODEGA,
18109,VILLAVICENCIO,META,,CENTRAL MINORISTA DE ABASTOS DE VILLAVICENCIO - CEMERCA Local A0607,0,0,COMERCIALIZABLE,COMERCIAL,26130000,LOCAL,
18433,VILLAVICENCIO,META,,CENTRAL MINORISTA DE ABASTOS DE VILLAVICENCIO - CEMERCA Local G0513,0,0,COMERCIALIZABLE,COMERCIAL,25896500,LOCAL,
18497,VILLAVICENCIO,META,,CENTRAL MINORISTA DE ABASTOS DE VILLAVICENCIO - CEMERCA Local G1201,0,0,COMERCIALIZABLE,COMERCIAL,25406500,LOCAL,
18422,VILLAVICENCIO,META,,CENTRAL MINORISTA DE ABASTOS DE VILLAVICENCIO - CEMERCA Local G0403,0,0,COMERCIALIZABLE,COMERCIAL,25093000,LOCAL,
18996,MEDELLIN,ANTIOQUIA,,CL 48  No. 53 - 39 C.C. JAPON INT. 0937,0,0,EN PUJA,COMERCIAL,159924173.1,LOCAL,"GRAN OPORTUNIDAD DE INVERSIÓN LOCAL EN CL. 48 NO. 53 - 39 C.C. JAPÓN INT. 0937 DONDE SE ARTICULAN ACTIVIDADES COMERCIALES, CENTROS COMERCIALES, TIENDAS, EXCELENTES PERSPECTIVAS DE VALORIZACIÓN, MUY BUENAS VÍAS DE ACCESO."
18498,VILLAVICENCIO,META,,CENTRAL MINORISTA DE ABASTOS DE VILLAVICENCIO - CEMERCA Local G1208,0,0,COMERCIALIZABLE,COMERCIAL,24012000,LOCAL,
18440,VILLAVICENCIO,META,,CENTRAL MINORISTA DE ABASTOS DE VILLAVICENCIO - CEMERCA Local G0602,0,0,COMERCIALIZABLE,COMERCIAL,23920000,LOCAL,
18441,VILLAVICENCIO,META,,CENTRAL MINORISTA DE ABASTOS DE VILLAVICENCIO - CEMERCA Local G0606,0,0,COMERCIALIZABLE,COMERCIAL,23920000,LOCAL,
18444,VILLAVICENCIO,META,,CENTRAL MINORISTA DE ABASTOS DE VILLAVICENCIO - CEMERCA Local G0610,0,0,COMERCIALIZABLE,COMERCIAL,23920000,LOCAL,
18848,CARTAGENA,BOLÍVAR,,"KILÓMETRO 4  DE LA VÍA MAMONAL  CARRERA 56, #60D-240, #60D-170, BODEGA 23 BARRIO ARROZ BARATO SECTOR PUERTA DE HIERRO",0,0,COMERCIALIZABLE CON RESTRICCION,INDUSTRIAL,1262902000,BODEGA,"ESTE PORCENTAJE DE PROPIEDAD SE VENDE JUNTO CON OTROS 14 QUE CORRESPONDEN A BODEGAS UBICADAS EN LA  MISMA ZONA, POR UN PRECIO MINIMO DE VENTA DE $280.772.600."
18114,VILLAVICENCIO,META,,CENTRAL MINORISTA DE ABASTOS DE VILLAVICENCIO - CEMERCA Local A0812,0,0,COMERCIALIZABLE,COMERCIAL,23517000,LOCAL,
18148,VILLAVICENCIO,META,,CENTRAL MINORISTA DE ABASTOS DE VILLAVICENCIO - CEMERCA Local A2111,0,0,EN PUJA,COMERCIAL,23517000,LOCAL,
18149,VILLAVICENCIO,META,,CENTRAL MINORISTA DE ABASTOS DE VILLAVICENCIO - CEMERCA Local A2112,0,0,EN PUJA,COMERCIAL,23517000,LOCAL,
18838,CARTAGENA,BOLÍVAR,,"KILÓMETRO 4  DE LA VÍA MAMONAL  CARRERA 56, #60D-240, #60D-170, BODEGA 2 BARRIO ARROZ BARATO SECTOR PUERTA DE HIERRO",0,0,COMERCIALIZABLE CON RESTRICCION,INDUSTRIAL,1247230000,BODEGA,"ESTE PORCENTAJE DE PROPIEDAD SE VENDE JUNTO CON OTROS 14 QUE CORRESPONDEN A BODEGAS UBICADAS EN LA  MISMA ZONA, POR UN PRECIO MINIMO DE VENTA DE $280.772.600."
18432,VILLAVICENCIO,META,,CENTRAL MINORISTA DE ABASTOS DE VILLAVICENCIO - CEMERCA Local G0512,0,0,COMERCIALIZABLE,COMERCIAL,23250500,LOCAL,
18839,CARTAGENA,BOLÍVAR,,"KILÓMETRO 4  DE LA VÍA MAMONAL  CARRERA 56, #60D-240, #60D-170, BODEGA 3 BARRIO ARROZ BARATO SECTOR PUERTA DE HIERRO",0,0,COMERCIALIZABLE CON RESTRICCION,INDUSTRIAL,1223722000,BODEGA,"ESTE PORCENTAJE DE PROPIEDAD SE VENDE JUNTO CON OTROS 14 QUE CORRESPONDEN A BODEGAS UBICADAS EN LA  MISMA ZONA, POR UN PRECIO MINIMO DE VENTA DE $280.772.600."
18851,CARTAGENA,BOLÍVAR,,"KILÓMETRO 4  DE LA VÍA MAMONAL  CARRERA 56, #60D-240, #60D-170, BODEGA 25 BARRIO ARROZ BARATO SECTOR PUERTA DE HIERRO",0,0,COMERCIALIZABLE CON RESTRICCION,COMERCIAL,1221390000,BODEGA,"ESTE PORCENTAJE DE PROPIEDAD SE VENDE JUNTO CON OTROS 14 QUE CORRESPONDEN A BODEGAS UBICADAS EN LA  MISMA ZONA, POR UN PRECIO MINIMO DE VENTA DE $280.772.600."
18513,VILLAVICENCIO,META,,CENTRAL MINORISTA DE ABASTOS DE VILLAVICENCIO - CEMERCA Local G1421,0,0,COMERCIALIZABLE,COMERCIAL,22295000,LOCAL,
18146,VILLAVICENCIO,META,,CENTRAL MINORISTA DE ABASTOS DE VILLAVICENCIO - CEMERCA Local A2101,0,0,COMERCIALIZABLE,COMERCIAL,21708000,LOCAL,
18150,VILLAVICENCIO,META,,CENTRAL MINORISTA DE ABASTOS DE VILLAVICENCIO - CEMERCA Local A2201,0,0,COMERCIALIZABLE,COMERCIAL,21708000,LOCAL,
18154,VILLAVICENCIO,META,,CENTRAL MINORISTA DE ABASTOS DE VILLAVICENCIO - CEMERCA Local A2222,0,0,COMERCIALIZABLE,COMERCIAL,21708000,LOCAL,
18530,VILLAVICENCIO,META,,CENTRAL MINORISTA DE ABASTOS DE VILLAVICENCIO - CEMERCA Local R0603,0,0,EN PUJA,COMERCIAL,21316750,LOCAL,
18507,VILLAVICENCIO,META,,CENTRAL MINORISTA DE ABASTOS DE VILLAVICENCIO - CEMERCA Local G1401,0,0,COMERCIALIZABLE,COMERCIAL,21168000,LOCAL,
18847,CARTAGENA,BOLÍVAR,,"KILÓMETRO 4  DE LA VÍA MAMONAL  CARRERA 56, #60D-240, #60D-170, BODEGA 22 BARRIO ARROZ BARATO SECTOR PUERTA DE HIERRO",0,0,COMERCIALIZABLE CON RESTRICCION,INDUSTRIAL,1115324000,BODEGA,"ESTE PORCENTAJE DE PROPIEDAD SE VENDE JUNTO CON OTROS 14 QUE CORRESPONDEN A BODEGAS UBICADAS EN LA  MISMA ZONA, POR UN PRECIO MINIMO DE VENTA DE $280.772.600."
18511,VILLAVICENCIO,META,,CENTRAL MINORISTA DE ABASTOS DE VILLAVICENCIO - CEMERCA Local G1411,0,0,COMERCIALIZABLE,COMERCIAL,20874000,LOCAL,
19334,TARAZA,ANTIOQUIA,,LETICIA 21 - PIEDRA BRAVA,0,0,COMERCIALIZABLE TERCEROS,RURAL,20381660,LOTE,"INMUEBLE UBICADO EN EL CORREGIMIENTO DE LA CAUCANA, VEREDA PIEDRA BRAVA DEL MUNICIPIO DE TARAZÁ, LOTE DE TERRENO RURAL AGROPECUARIO, CON CULTIVO DE CAUCHO EL INMUEBLE SE ENCUENTRA CLASIFICADO DENTRO DEL SUELO RURAL DEL MUNICIPIO, EN ZONA DE INCENTIVO"
18510,VILLAVICENCIO,META,,CENTRAL MINORISTA DE ABASTOS DE VILLAVICENCIO - CEMERCA Local G1410,0,0,COMERCIALIZABLE,COMERCIAL,20310500,LOCAL,
17798,PEREIRA,RISARALDA,,CALLES 18 Y 19  CARRERAS 5 Y 6  SALIDA CARRERA 5  No. 18 - 43 / CARRERA 5  CALLES 18 Y 19  No. 18 - 49 / CALLE 19 No. 5 - 33  ED CLINICA RISARALDA,0,0,COMERCIALIZABLE CON RESTRICCION,CINCO,3931747250,CLINICA,
18415,VILLAVICENCIO,META,,CENTRAL MINORISTA DE ABASTOS DE VILLAVICENCIO - CEMERCA Local G0315,0,0,COMERCIALIZABLE,COMERCIAL,19918500,LOCAL,
18290,VILLAVICENCIO,META,,CENTRAL MINORISTA DE ABASTOS DE VILLAVICENCIO - CEMERCA Local A3821,0,0,COMERCIALIZABLE,COMERCIAL,19832000,LOCAL,
18512,VILLAVICENCIO,META,,CENTRAL MINORISTA DE ABASTOS DE VILLAVICENCIO - CEMERCA Local G1419,0,0,COMERCIALIZABLE,COMERCIAL,19596000,LOCAL,
18508,VILLAVICENCIO,META,,CENTRAL MINORISTA DE ABASTOS DE VILLAVICENCIO - CEMERCA Local G1402,0,0,COMERCIALIZABLE,COMERCIAL,19067000,LOCAL,
18509,VILLAVICENCIO,META,,CENTRAL MINORISTA DE ABASTOS DE VILLAVICENCIO - CEMERCA Local G1403,0,0,COMERCIALIZABLE,COMERCIAL,19067000,LOCAL,
17353,PEREIRA,RISARALDA,AV 30 DE AGOSTO,CLL 69 O ACEESO A CUBA AV.  30 DE AGOSTO LOTE 16,0,0,COMERCIALIZABLE CON RESTRICCION,CUATRO,19062435.15,LOTE VIVIENDA,
18478,VILLAVICENCIO,META,,CENTRAL MINORISTA DE ABASTOS DE VILLAVICENCIO - CEMERCA Local G1003,0,0,COMERCIALIZABLE,COMERCIAL,18446000,LOCAL,
18846,CARTAGENA,BOLÍVAR,,"KILÓMETRO 4  DE LA VÍA MAMONAL  CARRERA 56, #60D-240, #60D-170, BODEGA 21 BARRIO ARROZ BARATO SECTOR PUERTA DE HIERRO",0,0,COMERCIALIZABLE CON RESTRICCION,INDUSTRIAL,970358000,BODEGA,"ESTE PORCENTAJE DE PROPIEDAD SE VENDE JUNTO CON OTROS 14 QUE CORRESPONDEN A BODEGAS UBICADAS EN LA  MISMA ZONA, POR UN PRECIO MINIMO DE VENTA DE $280.772.600."
18421,VILLAVICENCIO,META,,CENTRAL MINORISTA DE ABASTOS DE VILLAVICENCIO - CEMERCA Local G0402,0,0,COMERCIALIZABLE,COMERCIAL,18252500,LOCAL,
18273,VILLAVICENCIO,META,,CENTRAL MINORISTA DE ABASTOS DE VILLAVICENCIO - CEMERCA Local A3601,0,0,COMERCIALIZABLE,COMERCIAL,18228000,LOCAL,
18450,VILLAVICENCIO,META,,CENTRAL MINORISTA DE ABASTOS DE VILLAVICENCIO - CEMERCA Local G0710,0,0,COMERCIALIZABLE,COMERCIAL,18203500,LOCAL,
18413,VILLAVICENCIO,META,,CENTRAL MINORISTA DE ABASTOS DE VILLAVICENCIO - CEMERCA Local G0301,0,0,COMERCIALIZABLE,COMERCIAL,18007500,LOCAL,
18468,VILLAVICENCIO,META,,CENTRAL MINORISTA DE ABASTOS DE VILLAVICENCIO - CEMERCA Local G0901,0,0,EN PUJA,COMERCIAL,17566500,LOCAL,
18475,VILLAVICENCIO,META,,CENTRAL MINORISTA DE ABASTOS DE VILLAVICENCIO - CEMERCA Local G0922,0,0,COMERCIALIZABLE,COMERCIAL,17566500,LOCAL,
18845,CARTAGENA,BOLÍVAR,,"KILÓMETRO 4  DE LA VÍA MAMONAL  CARRERA 56, #60D-240, #60D-170, BODEGA 20 BARRIO ARROZ BARATO SECTOR PUERTA DE HIERRO",0,0,COMERCIALIZABLE CON RESTRICCION,INDUSTRIAL,925954000,BODEGA,"ESTE PORCENTAJE DE PROPIEDAD SE VENDE JUNTO CON OTROS 14 QUE CORRESPONDEN A BODEGAS UBICADAS EN LA  MISMA ZONA, POR UN PRECIO MINIMO DE VENTA DE $280.772.600."
18423,VILLAVICENCIO,META,,CENTRAL MINORISTA DE ABASTOS DE VILLAVICENCIO - CEMERCA Local G0404,0,0,COMERCIALIZABLE,COMERCIAL,17419500,LOCAL,
18503,VILLAVICENCIO,META,,CENTRAL MINORISTA DE ABASTOS DE VILLAVICENCIO - CEMERCA Local G1312,0,0,COMERCIALIZABLE,COMERCIAL,17419500,LOCAL,
18416,VILLAVICENCIO,META,,CENTRAL MINORISTA DE ABASTOS DE VILLAVICENCIO - CEMERCA Local G0316,0,0,COMERCIALIZABLE,COMERCIAL,17223500,LOCAL,
18130,VILLAVICENCIO,META,,CENTRAL MINORISTA DE ABASTOS DE VILLAVICENCIO - CEMERCA Local A1111,0,0,COMERCIALIZABLE,COMERCIAL,17199000,LOCAL,
18187,VILLAVICENCIO,META,,CENTRAL MINORISTA DE ABASTOS DE VILLAVICENCIO - CEMERCA Local A2812,0,0,COMERCIALIZABLE,COMERCIAL,17199000,LOCAL,
18205,VILLAVICENCIO,META,,CENTRAL MINORISTA DE ABASTOS DE VILLAVICENCIO - CEMERCA Local A2911,0,0,COMERCIALIZABLE,COMERCIAL,17199000,LOCAL,
18206,VILLAVICENCIO,META,,CENTRAL MINORISTA DE ABASTOS DE VILLAVICENCIO - CEMERCA Local A2912,0,0,COMERCIALIZABLE,COMERCIAL,17199000,LOCAL,
18221,VILLAVICENCIO,META,,CENTRAL MINORISTA DE ABASTOS DE VILLAVICENCIO - CEMERCA Local A3012,0,0,COMERCIALIZABLE,COMERCIAL,17199000,LOCAL,
18145,VILLAVICENCIO,META,,CENTRAL MINORISTA DE ABASTOS DE VILLAVICENCIO - CEMERCA Local A2030,0,0,COMERCIALIZABLE,COMERCIAL,17150000,LOCAL,
18174,VILLAVICENCIO,META,,CENTRAL MINORISTA DE ABASTOS DE VILLAVICENCIO - CEMERCA Local A2420,0,0,COMERCIALIZABLE,COMERCIAL,17120000,LOCAL,
18995,MEDELLIN,ANTIOQUIA,,CL 48  No. 53 - 39 C.C. JAPON INT. 0934,0,0,EN PUJA,COMERCIAL,110257063.9,LOCAL,"GRAN OPORTUNIDAD DE INVERSIÓN LOCAL EN CL. CL 48 NO. 53 - 39 C.C. JAPÓN INT. 0934 DONDE SE ARTICULAN ACTIVIDADES COMERCIALES, CENTROS COMERCIALES, TIENDAS, EXCELENTES PERSPECTIVAS DE VALORIZACIÓN, MUY BUENAS VÍAS DE ACCESO."
18452,VILLAVICENCIO,META,,CENTRAL MINORISTA DE ABASTOS DE VILLAVICENCIO - CEMERCA Local G0802,0,0,EN PUJA,COMERCIAL,16997000,LOCAL,
18466,VILLAVICENCIO,META,,CENTRAL MINORISTA DE ABASTOS DE VILLAVICENCIO - CEMERCA Local G0818,0,0,COMERCIALIZABLE,COMERCIAL,16997000,LOCAL,
18471,VILLAVICENCIO,META,,CENTRAL MINORISTA DE ABASTOS DE VILLAVICENCIO - CEMERCA Local G0908,0,0,COMERCIALIZABLE,COMERCIAL,16537000,LOCAL,
18483,VILLAVICENCIO,META,,CENTRAL MINORISTA DE ABASTOS DE VILLAVICENCIO - CEMERCA Local G1008,0,0,COMERCIALIZABLE,COMERCIAL,16491000,LOCAL,
18448,VILLAVICENCIO,META,,CENTRAL MINORISTA DE ABASTOS DE VILLAVICENCIO - CEMERCA Local G0706,0,0,COMERCIALIZABLE,COMERCIAL,16415000,LOCAL,
18414,VILLAVICENCIO,META,,CENTRAL MINORISTA DE ABASTOS DE VILLAVICENCIO - CEMERCA Local G0302,0,0,COMERCIALIZABLE,COMERCIAL,16169000,LOCAL,
18417,VILLAVICENCIO,META,,CENTRAL MINORISTA DE ABASTOS DE VILLAVICENCIO - CEMERCA Local G0326,0,0,COMERCIALIZABLE,COMERCIAL,16169000,LOCAL,
18418,VILLAVICENCIO,META,,CENTRAL MINORISTA DE ABASTOS DE VILLAVICENCIO - CEMERCA Local G0327,0,0,COMERCIALIZABLE,COMERCIAL,16169000,LOCAL,
18425,VILLAVICENCIO,META,,CENTRAL MINORISTA DE ABASTOS DE VILLAVICENCIO - CEMERCA Local G0504,0,0,COMERCIALIZABLE,COMERCIAL,16169000,LOCAL,
18426,VILLAVICENCIO,META,,CENTRAL MINORISTA DE ABASTOS DE VILLAVICENCIO - CEMERCA Local G0506,0,0,COMERCIALIZABLE,COMERCIAL,16169000,LOCAL,
18427,VILLAVICENCIO,META,,CENTRAL MINORISTA DE ABASTOS DE VILLAVICENCIO - CEMERCA Local G0507,0,0,COMERCIALIZABLE,COMERCIAL,16169000,LOCAL,
18428,VILLAVICENCIO,META,,CENTRAL MINORISTA DE ABASTOS DE VILLAVICENCIO - CEMERCA Local G0508,0,0,COMERCIALIZABLE,COMERCIAL,16169000,LOCAL,
18429,VILLAVICENCIO,META,,CENTRAL MINORISTA DE ABASTOS DE VILLAVICENCIO - CEMERCA Local G0509,0,0,COMERCIALIZABLE,COMERCIAL,16169000,LOCAL,
18430,VILLAVICENCIO,META,,CENTRAL MINORISTA DE ABASTOS DE VILLAVICENCIO - CEMERCA Local G0510,0,0,COMERCIALIZABLE,COMERCIAL,16169000,LOCAL,
18431,VILLAVICENCIO,META,,CENTRAL MINORISTA DE ABASTOS DE VILLAVICENCIO - CEMERCA Local G0511,0,0,COMERCIALIZABLE,COMERCIAL,16169000,LOCAL,
18434,VILLAVICENCIO,META,,CENTRAL MINORISTA DE ABASTOS DE VILLAVICENCIO - CEMERCA Local G0515,0,0,COMERCIALIZABLE,COMERCIAL,16169000,LOCAL,
18435,VILLAVICENCIO,META,,CENTRAL MINORISTA DE ABASTOS DE VILLAVICENCIO - CEMERCA Local G0516,0,0,COMERCIALIZABLE,COMERCIAL,16169000,LOCAL,
18436,VILLAVICENCIO,META,,CENTRAL MINORISTA DE ABASTOS DE VILLAVICENCIO - CEMERCA Local G0517,0,0,COMERCIALIZABLE,COMERCIAL,16169000,LOCAL,
18437,VILLAVICENCIO,META,,CENTRAL MINORISTA DE ABASTOS DE VILLAVICENCIO - CEMERCA Local G0518,0,0,COMERCIALIZABLE,COMERCIAL,16169000,LOCAL,
18438,VILLAVICENCIO,META,,CENTRAL MINORISTA DE ABASTOS DE VILLAVICENCIO - CEMERCA Local G0521,0,0,COMERCIALIZABLE,COMERCIAL,16169000,LOCAL,
18500,VILLAVICENCIO,META,,CENTRAL MINORISTA DE ABASTOS DE VILLAVICENCIO - CEMERCA Local G1302,0,0,COMERCIALIZABLE,COMERCIAL,16169000,LOCAL,
18501,VILLAVICENCIO,META,,CENTRAL MINORISTA DE ABASTOS DE VILLAVICENCIO - CEMERCA Local G1303,0,0,COMERCIALIZABLE,COMERCIAL,16169000,LOCAL,
18504,VILLAVICENCIO,META,,CENTRAL MINORISTA DE ABASTOS DE VILLAVICENCIO - CEMERCA Local G1313,0,0,COMERCIALIZABLE,COMERCIAL,16169000,LOCAL,
18505,VILLAVICENCIO,META,,CENTRAL MINORISTA DE ABASTOS DE VILLAVICENCIO - CEMERCA Local G1319,0,0,COMERCIALIZABLE,COMERCIAL,16169000,LOCAL,
18506,VILLAVICENCIO,META,,CENTRAL MINORISTA DE ABASTOS DE VILLAVICENCIO - CEMERCA Local G1320,0,0,COMERCIALIZABLE,COMERCIAL,16169000,LOCAL,
18920,BARRANQUILLA,ATLÁNTICO,LAS DELICIAS,CL 70 B  No. 41 - 226,0,0,COMERCIALIZABLE,COMERCIAL,1589428800,EDIFICIO,
18442,VILLAVICENCIO,META,,CENTRAL MINORISTA DE ABASTOS DE VILLAVICENCIO - CEMERCA Local G0607,0,0,COMERCIALIZABLE,COMERCIAL,15974000,LOCAL,
18454,VILLAVICENCIO,META,,CENTRAL MINORISTA DE ABASTOS DE VILLAVICENCIO - CEMERCA Local G0804,0,0,EN PUJA,COMERCIAL,15870000,LOCAL,
18455,VILLAVICENCIO,META,,CENTRAL MINORISTA DE ABASTOS DE VILLAVICENCIO - CEMERCA Local G0805,0,0,EN PUJA,COMERCIAL,15870000,LOCAL,
18456,VILLAVICENCIO,META,,CENTRAL MINORISTA DE ABASTOS DE VILLAVICENCIO - CEMERCA Local G0806,0,0,COMERCIALIZABLE,COMERCIAL,15870000,LOCAL,
18459,VILLAVICENCIO,META,,CENTRAL MINORISTA DE ABASTOS DE VILLAVICENCIO - CEMERCA Local G0811,0,0,COMERCIALIZABLE,COMERCIAL,15870000,LOCAL,
18460,VILLAVICENCIO,META,,CENTRAL MINORISTA DE ABASTOS DE VILLAVICENCIO - CEMERCA Local G0812,0,0,COMERCIALIZABLE,COMERCIAL,15870000,LOCAL,
18462,VILLAVICENCIO,META,,CENTRAL MINORISTA DE ABASTOS DE VILLAVICENCIO - CEMERCA Local G0814,0,0,COMERCIALIZABLE,COMERCIAL,15870000,LOCAL,
18463,VILLAVICENCIO,META,,CENTRAL MINORISTA DE ABASTOS DE VILLAVICENCIO - CEMERCA Local G0815,0,0,EN PUJA,COMERCIAL,15870000,LOCAL,
18464,VILLAVICENCIO,META,,CENTRAL MINORISTA DE ABASTOS DE VILLAVICENCIO - CEMERCA Local G0816,0,0,EN PUJA,COMERCIAL,15870000,LOCAL,
18469,VILLAVICENCIO,META,,CENTRAL MINORISTA DE ABASTOS DE VILLAVICENCIO - CEMERCA Local G0906,0,0,COMERCIALIZABLE,COMERCIAL,15870000,LOCAL,
18470,VILLAVICENCIO,META,,CENTRAL MINORISTA DE ABASTOS DE VILLAVICENCIO - CEMERCA Local G0907,0,0,COMERCIALIZABLE,COMERCIAL,15870000,LOCAL,
18479,VILLAVICENCIO,META,,CENTRAL MINORISTA DE ABASTOS DE VILLAVICENCIO - CEMERCA Local G1004,0,0,COMERCIALIZABLE,COMERCIAL,15870000,LOCAL,
18480,VILLAVICENCIO,META,,CENTRAL MINORISTA DE ABASTOS DE VILLAVICENCIO - CEMERCA Local G1005,0,0,COMERCIALIZABLE,COMERCIAL,15870000,LOCAL,
18481,VILLAVICENCIO,META,,CENTRAL MINORISTA DE ABASTOS DE VILLAVICENCIO - CEMERCA Local G1006,0,0,COMERCIALIZABLE,COMERCIAL,15870000,LOCAL,
18486,VILLAVICENCIO,META,,CENTRAL MINORISTA DE ABASTOS DE VILLAVICENCIO - CEMERCA Local G1011,0,0,COMERCIALIZABLE,COMERCIAL,15870000,LOCAL,
18487,VILLAVICENCIO,META,,CENTRAL MINORISTA DE ABASTOS DE VILLAVICENCIO - CEMERCA Local G1012,0,0,COMERCIALIZABLE,COMERCIAL,15870000,LOCAL,
18488,VILLAVICENCIO,META,,CENTRAL MINORISTA DE ABASTOS DE VILLAVICENCIO - CEMERCA Local G1013,0,0,COMERCIALIZABLE,COMERCIAL,15870000,LOCAL,
18489,VILLAVICENCIO,META,,CENTRAL MINORISTA DE ABASTOS DE VILLAVICENCIO - CEMERCA Local G1014,0,0,COMERCIALIZABLE,COMERCIAL,15870000,LOCAL,
18461,VILLAVICENCIO,META,,CENTRAL MINORISTA DE ABASTOS DE VILLAVICENCIO - CEMERCA Local G0813,0,0,COMERCIALIZABLE,COMERCIAL,15732000,LOCAL,
18482,VILLAVICENCIO,META,,CENTRAL MINORISTA DE ABASTOS DE VILLAVICENCIO - CEMERCA Local G1007,0,0,COMERCIALIZABLE,COMERCIAL,15709000,LOCAL,
18485,VILLAVICENCIO,META,,CENTRAL MINORISTA DE ABASTOS DE VILLAVICENCIO - CEMERCA Local G1010,0,0,COMERCIALIZABLE,COMERCIAL,15680000,LOCAL,
18871,SANTANDER DE QUILICHAO,CAUCA,VILLA DEL SUR,CL 9 AS # 10-49 LT 14 MZ G  BARRIO VILLA DEL SUR ANTES BARRIO ANTONIO NARIÑO,0,0,COMERCIALIZABLE CON RESTRICCION,UNO,15348020,LOTE CON CONSTRUCCION,"LOTE DE TERRENO CON CONSTRUCCION

EL VALOR DE VENTA SOLO CORRESPONDE AL LOTE

NMUEBLE OCUPADO"
18458,VILLAVICENCIO,META,,CENTRAL MINORISTA DE ABASTOS DE VILLAVICENCIO - CEMERCA Local G0810,0,0,COMERCIALIZABLE,COMERCIAL,15043000,LOCAL,
18215,VILLAVICENCIO,META,,CENTRAL MINORISTA DE ABASTOS DE VILLAVICENCIO - CEMERCA Local A2922,0,0,COMERCIALIZABLE,COMERCIAL,14904000,LOCAL,
17352,PEREIRA,RISARALDA,AV 30 DE AGOSTO,CLL 69 O ACEESO A CUBA AV.  30 DE AGOSTO LOTE 14,0,0,EN PUJA,CUATRO,14488072.83,LOTE VIVIENDA,
18484,VILLAVICENCIO,META,,CENTRAL MINORISTA DE ABASTOS DE VILLAVICENCIO - CEMERCA Local G1009,0,0,COMERCIALIZABLE,COMERCIAL,14357000,LOCAL,
18397,VILLAVICENCIO,META,,CENTRAL MINORISTA DE ABASTOS DE VILLAVICENCIO - CEMERCA Local F0807,0,0,EN PUJA,COMERCIAL,14099000,LOCAL,
18502,VILLAVICENCIO,META,,CENTRAL MINORISTA DE ABASTOS DE VILLAVICENCIO - CEMERCA Local G1311,0,0,COMERCIALIZABLE,COMERCIAL,13989500,LOCAL,
18419,VILLAVICENCIO,META,,CENTRAL MINORISTA DE ABASTOS DE VILLAVICENCIO - CEMERCA Local G0328,0,0,COMERCIALIZABLE,COMERCIAL,13846000,LOCAL,
18382,VILLAVICENCIO,META,,CENTRAL MINORISTA DE ABASTOS DE VILLAVICENCIO - CEMERCA Local F0613,0,0,COMERCIALIZABLE,COMERCIAL,13455000,LOCAL,
18390,VILLAVICENCIO,META,,CENTRAL MINORISTA DE ABASTOS DE VILLAVICENCIO - CEMERCA Local F0706,0,0,COMERCIALIZABLE,COMERCIAL,13455000,LOCAL,
18243,VILLAVICENCIO,META,,CENTRAL MINORISTA DE ABASTOS DE VILLAVICENCIO - CEMERCA Local A3224,0,0,COMERCIALIZABLE,COMERCIAL,13440000,LOCAL,
18379,VILLAVICENCIO,META,,CENTRAL MINORISTA DE ABASTOS DE VILLAVICENCIO - CEMERCA Local F0605,0,0,COMERCIALIZABLE,COMERCIAL,13386000,LOCAL,
18383,VILLAVICENCIO,META,,CENTRAL MINORISTA DE ABASTOS DE VILLAVICENCIO - CEMERCA Local F0614,0,0,COMERCIALIZABLE,COMERCIAL,13386000,LOCAL,
18384,VILLAVICENCIO,META,,CENTRAL MINORISTA DE ABASTOS DE VILLAVICENCIO - CEMERCA Local F0615,0,0,COMERCIALIZABLE,COMERCIAL,13386000,LOCAL,
18388,VILLAVICENCIO,META,,CENTRAL MINORISTA DE ABASTOS DE VILLAVICENCIO - CEMERCA Local F0704,0,0,EN PUJA,COMERCIAL,13386000,LOCAL,
18389,VILLAVICENCIO,META,,CENTRAL MINORISTA DE ABASTOS DE VILLAVICENCIO - CEMERCA Local F0705,0,0,EN PUJA,COMERCIAL,13386000,LOCAL,
18392,VILLAVICENCIO,META,,CENTRAL MINORISTA DE ABASTOS DE VILLAVICENCIO - CEMERCA Local F0714,0,0,EN PUJA,COMERCIAL,13386000,LOCAL,
18393,VILLAVICENCIO,META,,CENTRAL MINORISTA DE ABASTOS DE VILLAVICENCIO - CEMERCA Local F0716,0,0,COMERCIALIZABLE,COMERCIAL,13386000,LOCAL,
18395,VILLAVICENCIO,META,,CENTRAL MINORISTA DE ABASTOS DE VILLAVICENCIO - CEMERCA Local F0805,0,0,EN PUJA,COMERCIAL,13386000,LOCAL,
18260,VILLAVICENCIO,META,,CENTRAL MINORISTA DE ABASTOS DE VILLAVICENCIO - CEMERCA Local A3407,0,0,COMERCIALIZABLE,COMERCIAL,13107500,LOCAL,
18268,VILLAVICENCIO,META,,CENTRAL MINORISTA DE ABASTOS DE VILLAVICENCIO - CEMERCA Local A3507,0,0,COMERCIALIZABLE,COMERCIAL,13107500,LOCAL,
18420,VILLAVICENCIO,META,,CENTRAL MINORISTA DE ABASTOS DE VILLAVICENCIO - CEMERCA Local G0401,0,0,COMERCIALIZABLE,COMERCIAL,13009500,LOCAL,
18424,VILLAVICENCIO,META,,CENTRAL MINORISTA DE ABASTOS DE VILLAVICENCIO - CEMERCA Local G0405,0,0,COMERCIALIZABLE,COMERCIAL,13009500,LOCAL,
18263,VILLAVICENCIO,META,,CENTRAL MINORISTA DE ABASTOS DE VILLAVICENCIO - CEMERCA Local A3414,0,0,COMERCIALIZABLE,COMERCIAL,12936000,LOCAL,
18493,VILLAVICENCIO,META,,CENTRAL MINORISTA DE ABASTOS DE VILLAVICENCIO - CEMERCA Local G1102,0,0,COMERCIALIZABLE,COMERCIAL,12857000,LOCAL,
18494,VILLAVICENCIO,META,,CENTRAL MINORISTA DE ABASTOS DE VILLAVICENCIO - CEMERCA Local G1103,0,0,COMERCIALIZABLE,COMERCIAL,12857000,LOCAL,
18495,VILLAVICENCIO,META,,CENTRAL MINORISTA DE ABASTOS DE VILLAVICENCIO - CEMERCA Local G1106,0,0,COMERCIALIZABLE,COMERCIAL,12857000,LOCAL,
18247,VILLAVICENCIO,META,,CENTRAL MINORISTA DE ABASTOS DE VILLAVICENCIO - CEMERCA Local A3231,0,0,COMERCIALIZABLE,COMERCIAL,12696000,LOCAL,
18449,VILLAVICENCIO,META,,CENTRAL MINORISTA DE ABASTOS DE VILLAVICENCIO - CEMERCA Local G0708,0,0,COMERCIALIZABLE,COMERCIAL,12466000,LOCAL,
18347,VILLAVICENCIO,META,,CENTRAL MINORISTA DE ABASTOS DE VILLAVICENCIO - CEMERCA Local E0503,0,0,COMERCIALIZABLE,COMERCIAL,12416000,LOCAL,
18079,VILLAVICENCIO,META,,CENTRAL MINORISTA DE ABASTOS DE VILLAVICENCIO - CEMERCA Local A0205,0,0,COMERCIALIZABLE,COMERCIAL,12305000,LOCAL,
18080,VILLAVICENCIO,META,,CENTRAL MINORISTA DE ABASTOS DE VILLAVICENCIO - CEMERCA Local A0206,0,0,COMERCIALIZABLE,COMERCIAL,12305000,LOCAL,
18083,VILLAVICENCIO,META,,CENTRAL MINORISTA DE ABASTOS DE VILLAVICENCIO - CEMERCA Local A0213,0,0,COMERCIALIZABLE,COMERCIAL,12305000,LOCAL,
18084,VILLAVICENCIO,META,,CENTRAL MINORISTA DE ABASTOS DE VILLAVICENCIO - CEMERCA Local A0214,0,0,COMERCIALIZABLE,COMERCIAL,12305000,LOCAL,
18089,VILLAVICENCIO,META,,CENTRAL MINORISTA DE ABASTOS DE VILLAVICENCIO - CEMERCA Local A0302,0,0,COMERCIALIZABLE,COMERCIAL,12305000,LOCAL,
18090,VILLAVICENCIO,META,,CENTRAL MINORISTA DE ABASTOS DE VILLAVICENCIO - CEMERCA Local A0303,0,0,COMERCIALIZABLE,COMERCIAL,12305000,LOCAL,
18091,VILLAVICENCIO,META,,CENTRAL MINORISTA DE ABASTOS DE VILLAVICENCIO - CEMERCA Local A0304,0,0,COMERCIALIZABLE,COMERCIAL,12305000,LOCAL,
18092,VILLAVICENCIO,META,,CENTRAL MINORISTA DE ABASTOS DE VILLAVICENCIO - CEMERCA Local A0305,0,0,COMERCIALIZABLE,COMERCIAL,12305000,LOCAL,
18113,VILLAVICENCIO,META,,CENTRAL MINORISTA DE ABASTOS DE VILLAVICENCIO - CEMERCA Local A0806,0,0,COMERCIALIZABLE,COMERCIAL,12305000,LOCAL,
18115,VILLAVICENCIO,META,,CENTRAL MINORISTA DE ABASTOS DE VILLAVICENCIO - CEMERCA Local A0820,0,0,COMERCIALIZABLE,COMERCIAL,12305000,LOCAL,
18123,VILLAVICENCIO,META,,CENTRAL MINORISTA DE ABASTOS DE VILLAVICENCIO - CEMERCA Local A1011,0,0,COMERCIALIZABLE,COMERCIAL,12305000,LOCAL,
18124,VILLAVICENCIO,META,,CENTRAL MINORISTA DE ABASTOS DE VILLAVICENCIO - CEMERCA Local A1013,0,0,COMERCIALIZABLE,COMERCIAL,12305000,LOCAL,
18125,VILLAVICENCIO,META,,CENTRAL MINORISTA DE ABASTOS DE VILLAVICENCIO - CEMERCA Local A1014,0,0,COMERCIALIZABLE,COMERCIAL,12305000,LOCAL,
18131,VILLAVICENCIO,META,,CENTRAL MINORISTA DE ABASTOS DE VILLAVICENCIO - CEMERCA Local A1210,0,0,COMERCIALIZABLE,COMERCIAL,12305000,LOCAL,
18132,VILLAVICENCIO,META,,CENTRAL MINORISTA DE ABASTOS DE VILLAVICENCIO - CEMERCA Local A1308,0,0,COMERCIALIZABLE,COMERCIAL,12305000,LOCAL,
18134,VILLAVICENCIO,META,,CENTRAL MINORISTA DE ABASTOS DE VILLAVICENCIO - CEMERCA Local A1803,0,0,COMERCIALIZABLE,COMERCIAL,12305000,LOCAL,
18138,VILLAVICENCIO,META,,CENTRAL MINORISTA DE ABASTOS DE VILLAVICENCIO - CEMERCA Local A1912,0,0,COMERCIALIZABLE,COMERCIAL,12305000,LOCAL,
18139,VILLAVICENCIO,META,,CENTRAL MINORISTA DE ABASTOS DE VILLAVICENCIO - CEMERCA Local A1913,0,0,COMERCIALIZABLE,COMERCIAL,12305000,LOCAL,
18140,VILLAVICENCIO,META,,CENTRAL MINORISTA DE ABASTOS DE VILLAVICENCIO - CEMERCA Local A1914,0,0,COMERCIALIZABLE CON RESTRICCION,COMERCIAL,12305000,LOCAL,
18141,VILLAVICENCIO,META,,CENTRAL MINORISTA DE ABASTOS DE VILLAVICENCIO - CEMERCA Local A1915,0,0,COMERCIALIZABLE,COMERCIAL,12305000,LOCAL,
18142,VILLAVICENCIO,META,,CENTRAL MINORISTA DE ABASTOS DE VILLAVICENCIO - CEMERCA Local A1917,0,0,COMERCIALIZABLE,COMERCIAL,12305000,LOCAL,
18147,VILLAVICENCIO,META,,CENTRAL MINORISTA DE ABASTOS DE VILLAVICENCIO - CEMERCA Local A2103,0,0,COMERCIALIZABLE,COMERCIAL,12305000,LOCAL,
18151,VILLAVICENCIO,META,,CENTRAL MINORISTA DE ABASTOS DE VILLAVICENCIO - CEMERCA Local A2210,0,0,COMERCIALIZABLE,COMERCIAL,12305000,LOCAL,
18157,VILLAVICENCIO,META,,CENTRAL MINORISTA DE ABASTOS DE VILLAVICENCIO - CEMERCA Local A2313,0,0,COMERCIALIZABLE,COMERCIAL,12305000,LOCAL,
18158,VILLAVICENCIO,META,,CENTRAL MINORISTA DE ABASTOS DE VILLAVICENCIO - CEMERCA Local A2314,0,0,COMERCIALIZABLE,COMERCIAL,12305000,LOCAL,
18159,VILLAVICENCIO,META,,CENTRAL MINORISTA DE ABASTOS DE VILLAVICENCIO - CEMERCA Local A2316,0,0,COMERCIALIZABLE,COMERCIAL,12305000,LOCAL,
18160,VILLAVICENCIO,META,,CENTRAL MINORISTA DE ABASTOS DE VILLAVICENCIO - CEMERCA Local A2317,0,0,COMERCIALIZABLE,COMERCIAL,12305000,LOCAL,
18161,VILLAVICENCIO,META,,CENTRAL MINORISTA DE ABASTOS DE VILLAVICENCIO - CEMERCA Local A2318,0,0,COMERCIALIZABLE,COMERCIAL,12305000,LOCAL,
18164,VILLAVICENCIO,META,,CENTRAL MINORISTA DE ABASTOS DE VILLAVICENCIO - CEMERCA Local A2404,0,0,COMERCIALIZABLE,COMERCIAL,12305000,LOCAL,
18169,VILLAVICENCIO,META,,CENTRAL MINORISTA DE ABASTOS DE VILLAVICENCIO - CEMERCA Local A2409,0,0,COMERCIALIZABLE,COMERCIAL,12305000,LOCAL,
18170,VILLAVICENCIO,META,,CENTRAL MINORISTA DE ABASTOS DE VILLAVICENCIO - CEMERCA Local A2410,0,0,COMERCIALIZABLE,COMERCIAL,12305000,LOCAL,
18179,VILLAVICENCIO,META,,CENTRAL MINORISTA DE ABASTOS DE VILLAVICENCIO - CEMERCA Local A2706,0,0,COMERCIALIZABLE,COMERCIAL,12305000,LOCAL,
18180,VILLAVICENCIO,META,,CENTRAL MINORISTA DE ABASTOS DE VILLAVICENCIO - CEMERCA Local A2711,0,0,COMERCIALIZABLE,COMERCIAL,12305000,LOCAL,
18182,VILLAVICENCIO,META,,CENTRAL MINORISTA DE ABASTOS DE VILLAVICENCIO - CEMERCA Local A2803,0,0,COMERCIALIZABLE,COMERCIAL,12305000,LOCAL,
18183,VILLAVICENCIO,META,,CENTRAL MINORISTA DE ABASTOS DE VILLAVICENCIO - CEMERCA Local A2804,0,0,COMERCIALIZABLE,COMERCIAL,12305000,LOCAL,
18184,VILLAVICENCIO,META,,CENTRAL MINORISTA DE ABASTOS DE VILLAVICENCIO - CEMERCA Local A2806,0,0,COMERCIALIZABLE,COMERCIAL,12305000,LOCAL,
18185,VILLAVICENCIO,META,,CENTRAL MINORISTA DE ABASTOS DE VILLAVICENCIO - CEMERCA Local A2807,0,0,COMERCIALIZABLE,COMERCIAL,12305000,LOCAL,
18186,VILLAVICENCIO,META,,CENTRAL MINORISTA DE ABASTOS DE VILLAVICENCIO - CEMERCA Local A2809,0,0,COMERCIALIZABLE,COMERCIAL,12305000,LOCAL,
18188,VILLAVICENCIO,META,,CENTRAL MINORISTA DE ABASTOS DE VILLAVICENCIO - CEMERCA Local A2814,0,0,COMERCIALIZABLE,COMERCIAL,12305000,LOCAL,
18189,VILLAVICENCIO,META,,CENTRAL MINORISTA DE ABASTOS DE VILLAVICENCIO - CEMERCA Local A2815,0,0,COMERCIALIZABLE,COMERCIAL,12305000,LOCAL,
18190,VILLAVICENCIO,META,,CENTRAL MINORISTA DE ABASTOS DE VILLAVICENCIO - CEMERCA Local A2816,0,0,COMERCIALIZABLE,COMERCIAL,12305000,LOCAL,
18191,VILLAVICENCIO,META,,CENTRAL MINORISTA DE ABASTOS DE VILLAVICENCIO - CEMERCA Local A2817,0,0,COMERCIALIZABLE,COMERCIAL,12305000,LOCAL,
18192,VILLAVICENCIO,META,,CENTRAL MINORISTA DE ABASTOS DE VILLAVICENCIO - CEMERCA Local A2818,0,0,COMERCIALIZABLE,COMERCIAL,12305000,LOCAL,
18193,VILLAVICENCIO,META,,CENTRAL MINORISTA DE ABASTOS DE VILLAVICENCIO - CEMERCA Local A2819,0,0,COMERCIALIZABLE,COMERCIAL,12305000,LOCAL,
18194,VILLAVICENCIO,META,,CENTRAL MINORISTA DE ABASTOS DE VILLAVICENCIO - CEMERCA Local A2820,0,0,COMERCIALIZABLE,COMERCIAL,12305000,LOCAL,
18195,VILLAVICENCIO,META,,CENTRAL MINORISTA DE ABASTOS DE VILLAVICENCIO - CEMERCA Local A2821,0,0,COMERCIALIZABLE,COMERCIAL,12305000,LOCAL,
18197,VILLAVICENCIO,META,,CENTRAL MINORISTA DE ABASTOS DE VILLAVICENCIO - CEMERCA Local A2902,0,0,COMERCIALIZABLE,COMERCIAL,12305000,LOCAL,
18198,VILLAVICENCIO,META,,CENTRAL MINORISTA DE ABASTOS DE VILLAVICENCIO - CEMERCA Local A2904,0,0,COMERCIALIZABLE,COMERCIAL,12305000,LOCAL,
18199,VILLAVICENCIO,META,,CENTRAL MINORISTA DE ABASTOS DE VILLAVICENCIO - CEMERCA Local A2905,0,0,COMERCIALIZABLE,COMERCIAL,12305000,LOCAL,
18200,VILLAVICENCIO,META,,CENTRAL MINORISTA DE ABASTOS DE VILLAVICENCIO - CEMERCA Local A2906,0,0,COMERCIALIZABLE,COMERCIAL,12305000,LOCAL,
18201,VILLAVICENCIO,META,,CENTRAL MINORISTA DE ABASTOS DE VILLAVICENCIO - CEMERCA Local A2907,0,0,COMERCIALIZABLE,COMERCIAL,12305000,LOCAL,
18202,VILLAVICENCIO,META,,CENTRAL MINORISTA DE ABASTOS DE VILLAVICENCIO - CEMERCA Local A2908,0,0,COMERCIALIZABLE,COMERCIAL,12305000,LOCAL,
18203,VILLAVICENCIO,META,,CENTRAL MINORISTA DE ABASTOS DE VILLAVICENCIO - CEMERCA Local A2909,0,0,COMERCIALIZABLE,COMERCIAL,12305000,LOCAL,
18204,VILLAVICENCIO,META,,CENTRAL MINORISTA DE ABASTOS DE VILLAVICENCIO - CEMERCA Local A2910,0,0,COMERCIALIZABLE,COMERCIAL,12305000,LOCAL,
18207,VILLAVICENCIO,META,,CENTRAL MINORISTA DE ABASTOS DE VILLAVICENCIO - CEMERCA Local A2913,0,0,COMERCIALIZABLE,COMERCIAL,12305000,LOCAL,
18208,VILLAVICENCIO,META,,CENTRAL MINORISTA DE ABASTOS DE VILLAVICENCIO - CEMERCA Local A2914,0,0,COMERCIALIZABLE,COMERCIAL,12305000,LOCAL,
18209,VILLAVICENCIO,META,,CENTRAL MINORISTA DE ABASTOS DE VILLAVICENCIO - CEMERCA Local A2915,0,0,COMERCIALIZABLE,COMERCIAL,12305000,LOCAL,
18210,VILLAVICENCIO,META,,CENTRAL MINORISTA DE ABASTOS DE VILLAVICENCIO - CEMERCA Local A2916,0,0,COMERCIALIZABLE,COMERCIAL,12305000,LOCAL,
18211,VILLAVICENCIO,META,,CENTRAL MINORISTA DE ABASTOS DE VILLAVICENCIO - CEMERCA Local A2917,0,0,COMERCIALIZABLE,COMERCIAL,12305000,LOCAL,
18212,VILLAVICENCIO,META,,CENTRAL MINORISTA DE ABASTOS DE VILLAVICENCIO - CEMERCA Local A2918,0,0,COMERCIALIZABLE,COMERCIAL,12305000,LOCAL,
18213,VILLAVICENCIO,META,,CENTRAL MINORISTA DE ABASTOS DE VILLAVICENCIO - CEMERCA Local A2920,0,0,COMERCIALIZABLE,COMERCIAL,12305000,LOCAL,
18214,VILLAVICENCIO,META,,CENTRAL MINORISTA DE ABASTOS DE VILLAVICENCIO - CEMERCA Local A2921,0,0,COMERCIALIZABLE,COMERCIAL,12305000,LOCAL,
18219,VILLAVICENCIO,META,,CENTRAL MINORISTA DE ABASTOS DE VILLAVICENCIO - CEMERCA Local A3005,0,0,COMERCIALIZABLE,COMERCIAL,12305000,LOCAL,
18220,VILLAVICENCIO,META,,CENTRAL MINORISTA DE ABASTOS DE VILLAVICENCIO - CEMERCA Local A3006,0,0,COMERCIALIZABLE,COMERCIAL,12305000,LOCAL,
18222,VILLAVICENCIO,META,,CENTRAL MINORISTA DE ABASTOS DE VILLAVICENCIO - CEMERCA Local A3013,0,0,COMERCIALIZABLE,COMERCIAL,12305000,LOCAL,
18223,VILLAVICENCIO,META,,CENTRAL MINORISTA DE ABASTOS DE VILLAVICENCIO - CEMERCA Local A3015,0,0,COMERCIALIZABLE,COMERCIAL,12305000,LOCAL,
18224,VILLAVICENCIO,META,,CENTRAL MINORISTA DE ABASTOS DE VILLAVICENCIO - CEMERCA Local A3016,0,0,COMERCIALIZABLE,COMERCIAL,12305000,LOCAL,
18250,VILLAVICENCIO,META,,CENTRAL MINORISTA DE ABASTOS DE VILLAVICENCIO - CEMERCA Local A3304,0,0,COMERCIALIZABLE,COMERCIAL,12305000,LOCAL,
18251,VILLAVICENCIO,META,,CENTRAL MINORISTA DE ABASTOS DE VILLAVICENCIO - CEMERCA Local A3305,0,0,COMERCIALIZABLE,COMERCIAL,12305000,LOCAL,
18252,VILLAVICENCIO,META,,CENTRAL MINORISTA DE ABASTOS DE VILLAVICENCIO - CEMERCA Local A3309,0,0,COMERCIALIZABLE,COMERCIAL,12305000,LOCAL,
18253,VILLAVICENCIO,META,,CENTRAL MINORISTA DE ABASTOS DE VILLAVICENCIO - CEMERCA Local A3310,0,0,COMERCIALIZABLE,COMERCIAL,12305000,LOCAL,
18254,VILLAVICENCIO,META,,CENTRAL MINORISTA DE ABASTOS DE VILLAVICENCIO - CEMERCA Local A3311,0,0,EN PUJA,COMERCIAL,12305000,LOCAL,
18256,VILLAVICENCIO,META,,CENTRAL MINORISTA DE ABASTOS DE VILLAVICENCIO - CEMERCA Local A3403,0,0,COMERCIALIZABLE,COMERCIAL,12305000,LOCAL,
18257,VILLAVICENCIO,META,,CENTRAL MINORISTA DE ABASTOS DE VILLAVICENCIO - CEMERCA Local A3404,0,0,COMERCIALIZABLE,COMERCIAL,12305000,LOCAL,
18258,VILLAVICENCIO,META,,CENTRAL MINORISTA DE ABASTOS DE VILLAVICENCIO - CEMERCA Local A3405,0,0,COMERCIALIZABLE,COMERCIAL,12305000,LOCAL,
18259,VILLAVICENCIO,META,,CENTRAL MINORISTA DE ABASTOS DE VILLAVICENCIO - CEMERCA Local A3406,0,0,COMERCIALIZABLE,COMERCIAL,12305000,LOCAL,
18261,VILLAVICENCIO,META,,CENTRAL MINORISTA DE ABASTOS DE VILLAVICENCIO - CEMERCA Local A3410,0,0,COMERCIALIZABLE,COMERCIAL,12305000,LOCAL,
18262,VILLAVICENCIO,META,,CENTRAL MINORISTA DE ABASTOS DE VILLAVICENCIO - CEMERCA Local A3411,0,0,COMERCIALIZABLE,COMERCIAL,12305000,LOCAL,
18264,VILLAVICENCIO,META,,CENTRAL MINORISTA DE ABASTOS DE VILLAVICENCIO - CEMERCA Local A3503,0,0,COMERCIALIZABLE,COMERCIAL,12305000,LOCAL,
18265,VILLAVICENCIO,META,,CENTRAL MINORISTA DE ABASTOS DE VILLAVICENCIO - CEMERCA Local A3504,0,0,COMERCIALIZABLE,COMERCIAL,12305000,LOCAL,
18266,VILLAVICENCIO,META,,CENTRAL MINORISTA DE ABASTOS DE VILLAVICENCIO - CEMERCA Local A3505,0,0,COMERCIALIZABLE,COMERCIAL,12305000,LOCAL,
18267,VILLAVICENCIO,META,,CENTRAL MINORISTA DE ABASTOS DE VILLAVICENCIO - CEMERCA Local A3506,0,0,COMERCIALIZABLE,COMERCIAL,12305000,LOCAL,
18269,VILLAVICENCIO,META,,CENTRAL MINORISTA DE ABASTOS DE VILLAVICENCIO - CEMERCA Local A3509,0,0,COMERCIALIZABLE,COMERCIAL,12305000,LOCAL,
18270,VILLAVICENCIO,META,,CENTRAL MINORISTA DE ABASTOS DE VILLAVICENCIO - CEMERCA Local A3511,0,0,COMERCIALIZABLE,COMERCIAL,12305000,LOCAL,
18271,VILLAVICENCIO,META,,CENTRAL MINORISTA DE ABASTOS DE VILLAVICENCIO - CEMERCA Local A3512,0,0,COMERCIALIZABLE,COMERCIAL,12305000,LOCAL,
18272,VILLAVICENCIO,META,,CENTRAL MINORISTA DE ABASTOS DE VILLAVICENCIO - CEMERCA Local A3513,0,0,COMERCIALIZABLE,COMERCIAL,12305000,LOCAL,
18274,VILLAVICENCIO,META,,CENTRAL MINORISTA DE ABASTOS DE VILLAVICENCIO - CEMERCA Local A3602,0,0,COMERCIALIZABLE,COMERCIAL,12305000,LOCAL,
18275,VILLAVICENCIO,META,,CENTRAL MINORISTA DE ABASTOS DE VILLAVICENCIO - CEMERCA Local A3603,0,0,COMERCIALIZABLE,COMERCIAL,12305000,LOCAL,
18276,VILLAVICENCIO,META,,CENTRAL MINORISTA DE ABASTOS DE VILLAVICENCIO - CEMERCA Local A3604,0,0,COMERCIALIZABLE,COMERCIAL,12305000,LOCAL,
18277,VILLAVICENCIO,META,,CENTRAL MINORISTA DE ABASTOS DE VILLAVICENCIO - CEMERCA Local A3607,0,0,COMERCIALIZABLE,COMERCIAL,12305000,LOCAL,
18552,PACORA,CALDAS,,URBANIZACION FERNANDO GAVIRIA LOTE 16 MZ 6,0,0,COMERCIALIZABLE CON RESTRICCION,UNO,12240000,LOTE VIVIENDA,"SE TRATA DE DIECISÉIS LOTES DE TERRENO SIN CONSTRUCCIÓN ALGUNA (LOTES DE TERRENO), LOCALIZADOS EN LA MANZANA 6 DE LA URBANIZACIÓN FERNANDO GAVIRIA, LOTE CERCA AL PARQUE PRINCIPAL, HOSPITAL SANTA TERESA, CUARTEL DE LA POLICIA, ENTRE OTROS"
18555,PACORA,CALDAS,,URBANIZACION FERNANDO GAVIRIA LOTE 13 MZ 6,0,0,COMERCIALIZABLE CON RESTRICCION,UNO,12240000,LOTE VIVIENDA,"ESTE LOTE SE VENDE JUNTO CON OTROS 15 DE LA MISMA ZONA POR EL VALOR DE LOS GASTOS CAUSADOS HASTA LA FECHA DE PRESENTACION DE LA OFERTA, EL CUAL A OCT DEL 2020 ES $89.000.000 (VALOR A CONFIRMAR CON FINANCIERA ANTES DE CERRAR CUALQUIER NEGOCIACION)."
18563,PACORA,CALDAS,,URBANIZACION FERNANDO GAVIRIA LOTE 5 MZ 6,0,0,COMERCIALIZABLE CON RESTRICCION,UNO,12240000,LOTE VIVIENDA,"SE TRATA DE DIECISÉIS LOTES DE TERRENO SIN CONSTRUCCIÓN ALGUNA (LOTES DE TERRENO), LOCALIZADOS EN LA MANZANA 6 DE LA URBANIZACIÓN FERNANDO GAVIRIA, LOTE CERCA AL PARQUE PRINCIPAL, HOSPITAL SANTA TERESA, CUARTEL DE LA POLICIA, ENTRE OTROS"
18087,VILLAVICENCIO,META,,CENTRAL MINORISTA DE ABASTOS DE VILLAVICENCIO - CEMERCA Local A0218,0,0,EN PUJA,COMERCIAL,12171250,LOCAL,
18340,VILLAVICENCIO,META,,CENTRAL MINORISTA DE ABASTOS DE VILLAVICENCIO - CEMERCA Local E0111,0,0,COMERCIALIZABLE,COMERCIAL,11680000,LOCAL,
18341,VILLAVICENCIO,META,,CENTRAL MINORISTA DE ABASTOS DE VILLAVICENCIO - CEMERCA Local E0203,0,0,COMERCIALIZABLE,COMERCIAL,11680000,LOCAL,
18342,VILLAVICENCIO,META,,CENTRAL MINORISTA DE ABASTOS DE VILLAVICENCIO - CEMERCA Local E0204,0,0,COMERCIALIZABLE,COMERCIAL,11680000,LOCAL,
18352,VILLAVICENCIO,META,,CENTRAL MINORISTA DE ABASTOS DE VILLAVICENCIO - CEMERCA Local E0614,0,0,COMERCIALIZABLE,COMERCIAL,11680000,LOCAL,
18353,VILLAVICENCIO,META,,CENTRAL MINORISTA DE ABASTOS DE VILLAVICENCIO - CEMERCA Local E0617,0,0,COMERCIALIZABLE,COMERCIAL,11680000,LOCAL,
18553,PACORA,CALDAS,,URBANIZACION FERNANDO GAVIRIA LOTE 15 MZ 6,0,0,COMERCIALIZABLE CON RESTRICCION,UNO,11232000,LOTE VIVIENDA,"SE TRATA DE DIECISÉIS LOTES DE TERRENO SIN CONSTRUCCIÓN ALGUNA (LOTES DE TERRENO), LOCALIZADOS EN LA MANZANA 6 DE LA URBANIZACIÓN FERNANDO GAVIRIA, LOTE CERCA AL PARQUE PRINCIPAL, HOSPITAL SANTA TERESA, CUARTEL DE LA POLICIA, ENTRE OTROS"
18554,PACORA,CALDAS,,URBANIZACION FERNANDO GAVIRIA LOTE 14 MZ 6,0,0,COMERCIALIZABLE CON RESTRICCION,UNO,11232000,LOTE VIVIENDA,"SE TRATA DE DIECISÉIS LOTES DE TERRENO SIN CONSTRUCCIÓN ALGUNA (LOTES DE TERRENO), LOCALIZADOS EN LA MANZANA 6 DE LA URBANIZACIÓN FERNANDO GAVIRIA, LOTE CERCA AL PARQUE PRINCIPAL, HOSPITAL SANTA TERESA, CUARTEL DE LA POLICIA, ENTRE OTROS"
18560,PACORA,CALDAS,,URBANIZACION FERNANDO GAVIRIA LOTE 8 MZ 6,0,0,COMERCIALIZABLE CON RESTRICCION,UNO,11232000,LOTE VIVIENDA,"SE TRATA DE DIECISÉIS LOTES DE TERRENO SIN CONSTRUCCIÓN ALGUNA (LOTES DE TERRENO), LOCALIZADOS EN LA MANZANA 6 DE LA URBANIZACIÓN FERNANDO GAVIRIA, LOTE CERCA AL PARQUE PRINCIPAL, HOSPITAL SANTA TERESA, CUARTEL DE LA POLICIA, ENTRE OTROS"
18564,PACORA,CALDAS,,URBANIZACION FERNANDO GAVIRIA LOTE 4 MZ 6,0,0,COMERCIALIZABLE CON RESTRICCION,UNO,11232000,LOTE VIVIENDA,"SE TRATA DE DIECISÉIS LOTES DE TERRENO SIN CONSTRUCCIÓN ALGUNA (LOTES DE TERRENO), LOCALIZADOS EN LA MANZANA 6 DE LA URBANIZACIÓN FERNANDO GAVIRIA, LOTE CERCA AL PARQUE PRINCIPAL, HOSPITAL SANTA TERESA, CUARTEL DE LA POLICIA, ENTRE OTROS"
18565,PACORA,CALDAS,,URBANIZACION FERNANDO GAVIRIA LOTE 3 MZ 6,0,0,COMERCIALIZABLE CON RESTRICCION,UNO,11232000,LOTE VIVIENDA,"SE TRATA DE DIECISÉIS LOTES DE TERRENO SIN CONSTRUCCIÓN ALGUNA (LOTES DE TERRENO), LOCALIZADOS EN LA MANZANA 6 DE LA URBANIZACIÓN FERNANDO GAVIRIA, LOTE CERCA AL PARQUE PRINCIPAL, HOSPITAL SANTA TERESA, CUARTEL DE LA POLICIA, ENTRE OTROS"
18566,PACORA,CALDAS,,URBANIZACION FERNANDO GAVIRIA LOTE 2 MZ 6,0,0,COMERCIALIZABLE CON RESTRICCION,UNO,11232000,LOTE VIVIENDA,"SE TRATA DE DIECISÉIS LOTES DE TERRENO SIN CONSTRUCCIÓN ALGUNA (LOTES DE TERRENO), LOCALIZADOS EN LA MANZANA 6 DE LA URBANIZACIÓN FERNANDO GAVIRIA, LOTE CERCA AL PARQUE PRINCIPAL, HOSPITAL SANTA TERESA, CUARTEL DE LA POLICIA, ENTRE OTROS"
18567,PACORA,CALDAS,,URBANIZACION FERNANDO GAVIRIA LOTE 1 MZ 6,0,0,COMERCIALIZABLE CON RESTRICCION,UNO,11232000,LOTE VIVIENDA,"SE TRATA DE DIECISÉIS LOTES DE TERRENO SIN CONSTRUCCIÓN ALGUNA (LOTES DE TERRENO), LOCALIZADOS EN LA MANZANA 6 DE LA URBANIZACIÓN FERNANDO GAVIRIA, LOTE CERCA AL PARQUE PRINCIPAL, HOSPITAL SANTA TERESA, CUARTEL DE LA POLICIA, ENTRE OTROS"
18849,CARTAGENA,BOLÍVAR,,"KILÓMETRO 4  DE LA VÍA MAMONAL  CARRERA 56, #60D-240, #60D-170, BODEGA 23A BARRIO ARROZ BARATO SECTOR PUERTA DE HIERRO",0,0,COMERCIALIZABLE CON RESTRICCION,INDUSTRIAL,569416000,BODEGA,"ESTE PORCENTAJE DE PROPIEDAD SE VENDE JUNTO CON OTROS 14 QUE CORRESPONDEN A BODEGAS UBICADAS EN LA  MISMA ZONA, POR UN PRECIO MINIMO DE VENTA DE $280.772.600."
18844,CARTAGENA,BOLÍVAR,,"KILÓMETRO 4  DE LA VÍA MAMONAL  CARRERA 56, #60D-240, #60D-170, BODEGA 7 BARRIO ARROZ BARATO SECTOR PUERTA DE HIERRO",0,0,COMERCIALIZABLE CON RESTRICCION,INDUSTRIAL,564192000,BODEGA,"ESTE PORCENTAJE DE PROPIEDAD SE VENDE JUNTO CON OTROS 14 QUE CORRESPONDEN A BODEGAS UBICADAS EN LA  MISMA ZONA, POR UN PRECIO MINIMO DE VENTA DE $280.772.600."
18116,VILLAVICENCIO,META,,CENTRAL MINORISTA DE ABASTOS DE VILLAVICENCIO - CEMERCA Local A0901,0,0,COMERCIALIZABLE,COMERCIAL,10284500,LOCAL,
18556,PACORA,CALDAS,,URBANIZACION FERNANDO GAVIRIA LOTE 12 MZ 6,0,0,COMERCIALIZABLE CON RESTRICCION,UNO,10152000,LOTE VIVIENDA,"SE TRATA DE DIECISÉIS LOTES DE TERRENO SIN CONSTRUCCIÓN ALGUNA (LOTES DE TERRENO), LOCALIZADOS EN LA MANZANA 6 DE LA URBANIZACIÓN FERNANDO GAVIRIA, LOTE CERCA AL PARQUE PRINCIPAL, HOSPITAL SANTA TERESA, CUARTEL DE LA POLICIA, ENTRE OTROS"
18557,PACORA,CALDAS,,URBANIZACION FERNANDO GAVIRIA LOTE 11 MZ 6,0,0,COMERCIALIZABLE CON RESTRICCION,UNO,10152000,LOTE VIVIENDA,"SE TRATA DE DIECISÉIS LOTES DE TERRENO SIN CONSTRUCCIÓN ALGUNA (LOTES DE TERRENO), LOCALIZADOS EN LA MANZANA 6 DE LA URBANIZACIÓN FERNANDO GAVIRIA, LOTE CERCA AL PARQUE PRINCIPAL, HOSPITAL SANTA TERESA, CUARTEL DE LA POLICIA, ENTRE OTROS"
18558,PACORA,CALDAS,,URBANIZACION FERNANDO GAVIRIA LOTE 10 MZ 6,0,0,COMERCIALIZABLE CON RESTRICCION,UNO,10152000,LOTE VIVIENDA,"SE TRATA DE DIECISÉIS LOTES DE TERRENO SIN CONSTRUCCIÓN ALGUNA (LOTES DE TERRENO), LOCALIZADOS EN LA MANZANA 6 DE LA URBANIZACIÓN FERNANDO GAVIRIA, LOTE CERCA AL PARQUE PRINCIPAL, HOSPITAL SANTA TERESA, CUARTEL DE LA POLICIA, ENTRE OTROS"
18559,PACORA,CALDAS,,URBANIZACION FERNANDO GAVIRIA LOTE 9 MZ 6,0,0,COMERCIALIZABLE CON RESTRICCION,UNO,10152000,LOTE VIVIENDA,"SE TRATA DE DIECISÉIS LOTES DE TERRENO SIN CONSTRUCCIÓN ALGUNA (LOTES DE TERRENO), LOCALIZADOS EN LA MANZANA 6 DE LA URBANIZACIÓN FERNANDO GAVIRIA, LOTE CERCA AL PARQUE PRINCIPAL, HOSPITAL SANTA TERESA, CUARTEL DE LA POLICIA, ENTRE OTROS"
18561,PACORA,CALDAS,,URBANIZACION FERNANDO GAVIRIA LOTE 7 MZ 6,0,0,COMERCIALIZABLE CON RESTRICCION,UNO,10152000,LOTE VIVIENDA,"SE TRATA DE DIECISÉIS LOTES DE TERRENO SIN CONSTRUCCIÓN ALGUNA (LOTES DE TERRENO), LOCALIZADOS EN LA MANZANA 6 DE LA URBANIZACIÓN FERNANDO GAVIRIA, LOTE CERCA AL PARQUE PRINCIPAL, HOSPITAL SANTA TERESA, CUARTEL DE LA POLICIA, ENTRE OTROS"
18562,PACORA,CALDAS,,URBANIZACION FERNANDO GAVIRIA LOTE 6 MZ 6,0,0,COMERCIALIZABLE CON RESTRICCION,UNO,10152000,LOTE VIVIENDA,"ESTE LOTE SE VENDE JUNTO CON OTROS 15 DE LA MISMA ZONA POR EL VALOR DE LOS GASTOS CAUSADOS HASTA LA FECHA DE PRESENTACION DE LA OFERTA, EL CUAL A OCT DEL 2020 ES $89.000.000 (VALOR A CONFIRMAR CON FINANCIERA ANTES DE CERRAR CUALQUIER NEGOCIACION)."
18841,CARTAGENA,BOLÍVAR,,"KILÓMETRO 4  DE LA VÍA MAMONAL  CARRERA 56, #60D-240, #60D-170, BODEGA 5 BARRIO ARROZ BARATO SECTOR PUERTA DE HIERRO",0,0,COMERCIALIZABLE CON RESTRICCION,INDUSTRIAL,536766000,BODEGA,"ESTE PORCENTAJE DE PROPIEDAD SE VENDE JUNTO CON OTROS 14 QUE CORRESPONDEN A BODEGAS UBICADAS EN LA  MISMA ZONA, POR UN PRECIO MINIMO DE VENTA DE $280.772.600."
18319,VILLAVICENCIO,META,,CENTRAL MINORISTA DE ABASTOS DE VILLAVICENCIO - CEMERCA Local B0301,0,0,COMERCIALIZABLE,COMERCIAL,9800000,LOCAL,
18336,VILLAVICENCIO,META,,CENTRAL MINORISTA DE ABASTOS DE VILLAVICENCIO - CEMERCA Local B0334,0,0,COMERCIALIZABLE,COMERCIAL,9800000,LOCAL,
18843,CARTAGENA,BOLÍVAR,,"KILÓMETRO 4  DE LA VÍA MAMONAL  CARRERA 56, #60D-240, #60D-170, BODEGA 6 BARRIO ARROZ BARATO SECTOR PUERTA DE HIERRO",0,0,COMERCIALIZABLE CON RESTRICCION,INDUSTRIAL,518482000,BODEGA,"ESTE PORCENTAJE DE PROPIEDAD SE VENDE JUNTO CON OTROS 14 QUE CORRESPONDEN A BODEGAS UBICADAS EN LA  MISMA ZONA, POR UN PRECIO MINIMO DE VENTA DE $280.772.600."
18446,VILLAVICENCIO,META,,CENTRAL MINORISTA DE ABASTOS DE VILLAVICENCIO - CEMERCA Local G0701,0,0,COMERCIALIZABLE,COMERCIAL,8624000,LOCAL,
18496,VILLAVICENCIO,META,,CENTRAL MINORISTA DE ABASTOS DE VILLAVICENCIO - CEMERCA Local G1108,0,0,COMERCIALIZABLE,COMERCIAL,8379000,LOCAL,
18571,GIRARDOT,CUNDINAMARCA,,LOCAL No. 10 CENTRO COMERCIAL EL PEÑON INN PLAZA,0,0,COMERCIALIZABLE CON RESTRICCION,COMERCIAL,552738798.5,LOCAL,
18117,VILLAVICENCIO,META,,CENTRAL MINORISTA DE ABASTOS DE VILLAVICENCIO - CEMERCA Local A0903,0,0,COMERCIALIZABLE,COMERCIAL,7350000,LOCAL,
18118,VILLAVICENCIO,META,,CENTRAL MINORISTA DE ABASTOS DE VILLAVICENCIO - CEMERCA Local A0904,0,0,COMERCIALIZABLE,COMERCIAL,7350000,LOCAL,
18119,VILLAVICENCIO,META,,CENTRAL MINORISTA DE ABASTOS DE VILLAVICENCIO - CEMERCA Local A0909,0,0,COMERCIALIZABLE,COMERCIAL,7350000,LOCAL,
18120,VILLAVICENCIO,META,,CENTRAL MINORISTA DE ABASTOS DE VILLAVICENCIO - CEMERCA Local A0918,0,0,COMERCIALIZABLE,COMERCIAL,7350000,LOCAL,
18121,VILLAVICENCIO,META,,CENTRAL MINORISTA DE ABASTOS DE VILLAVICENCIO - CEMERCA Local A0929,0,0,COMERCIALIZABLE,COMERCIAL,7350000,LOCAL,
18143,VILLAVICENCIO,META,,CENTRAL MINORISTA DE ABASTOS DE VILLAVICENCIO - CEMERCA Local A2003,0,0,COMERCIALIZABLE,COMERCIAL,7350000,LOCAL,
18144,VILLAVICENCIO,META,,CENTRAL MINORISTA DE ABASTOS DE VILLAVICENCIO - CEMERCA Local A2009,0,0,COMERCIALIZABLE,COMERCIAL,7350000,LOCAL,
18278,VILLAVICENCIO,META,,CENTRAL MINORISTA DE ABASTOS DE VILLAVICENCIO - CEMERCA Local A3803,0,0,COMERCIALIZABLE,COMERCIAL,7350000,LOCAL,
18279,VILLAVICENCIO,META,,CENTRAL MINORISTA DE ABASTOS DE VILLAVICENCIO - CEMERCA Local A3804,0,0,COMERCIALIZABLE,COMERCIAL,7350000,LOCAL,
18280,VILLAVICENCIO,META,,CENTRAL MINORISTA DE ABASTOS DE VILLAVICENCIO - CEMERCA Local A3805,0,0,COMERCIALIZABLE,COMERCIAL,7350000,LOCAL,
18281,VILLAVICENCIO,META,,CENTRAL MINORISTA DE ABASTOS DE VILLAVICENCIO - CEMERCA Local A3806,0,0,COMERCIALIZABLE,COMERCIAL,7350000,LOCAL,
18282,VILLAVICENCIO,META,,CENTRAL MINORISTA DE ABASTOS DE VILLAVICENCIO - CEMERCA Local A3807,0,0,COMERCIALIZABLE,COMERCIAL,7350000,LOCAL,
18283,VILLAVICENCIO,META,,CENTRAL MINORISTA DE ABASTOS DE VILLAVICENCIO - CEMERCA Local A3808,0,0,COMERCIALIZABLE,COMERCIAL,7350000,LOCAL,
18284,VILLAVICENCIO,META,,CENTRAL MINORISTA DE ABASTOS DE VILLAVICENCIO - CEMERCA Local A3809,0,0,COMERCIALIZABLE,COMERCIAL,7350000,LOCAL,
18285,VILLAVICENCIO,META,,CENTRAL MINORISTA DE ABASTOS DE VILLAVICENCIO - CEMERCA Local A3810,0,0,COMERCIALIZABLE,COMERCIAL,7350000,LOCAL,
18286,VILLAVICENCIO,META,,CENTRAL MINORISTA DE ABASTOS DE VILLAVICENCIO - CEMERCA Local A3817,0,0,COMERCIALIZABLE,COMERCIAL,7350000,LOCAL,
18287,VILLAVICENCIO,META,,CENTRAL MINORISTA DE ABASTOS DE VILLAVICENCIO - CEMERCA Local A3818,0,0,COMERCIALIZABLE,COMERCIAL,7350000,LOCAL,
18288,VILLAVICENCIO,META,,CENTRAL MINORISTA DE ABASTOS DE VILLAVICENCIO - CEMERCA Local A3819,0,0,COMERCIALIZABLE,COMERCIAL,7350000,LOCAL,
18289,VILLAVICENCIO,META,,CENTRAL MINORISTA DE ABASTOS DE VILLAVICENCIO - CEMERCA Local A3820,0,0,COMERCIALIZABLE,COMERCIAL,7350000,LOCAL,
18291,VILLAVICENCIO,META,,CENTRAL MINORISTA DE ABASTOS DE VILLAVICENCIO - CEMERCA Local B0102,0,0,COMERCIALIZABLE,COMERCIAL,7350000,LOCAL,
18292,VILLAVICENCIO,META,,CENTRAL MINORISTA DE ABASTOS DE VILLAVICENCIO - CEMERCA Local B0104,0,0,COMERCIALIZABLE,COMERCIAL,7350000,LOCAL,
18293,VILLAVICENCIO,META,,CENTRAL MINORISTA DE ABASTOS DE VILLAVICENCIO - CEMERCA Local B0106,0,0,COMERCIALIZABLE,COMERCIAL,7350000,LOCAL,
18294,VILLAVICENCIO,META,,CENTRAL MINORISTA DE ABASTOS DE VILLAVICENCIO - CEMERCA Local B0107,0,0,COMERCIALIZABLE,COMERCIAL,7350000,LOCAL,
18295,VILLAVICENCIO,META,,CENTRAL MINORISTA DE ABASTOS DE VILLAVICENCIO - CEMERCA Local B0108,0,0,COMERCIALIZABLE,COMERCIAL,7350000,LOCAL,
18296,VILLAVICENCIO,META,,CENTRAL MINORISTA DE ABASTOS DE VILLAVICENCIO - CEMERCA Local B0110,0,0,COMERCIALIZABLE,COMERCIAL,7350000,LOCAL,
18297,VILLAVICENCIO,META,,CENTRAL MINORISTA DE ABASTOS DE VILLAVICENCIO - CEMERCA Local B0111,0,0,COMERCIALIZABLE,COMERCIAL,7350000,LOCAL,
18298,VILLAVICENCIO,META,,CENTRAL MINORISTA DE ABASTOS DE VILLAVICENCIO - CEMERCA Local B0112,0,0,COMERCIALIZABLE,COMERCIAL,7350000,LOCAL,
18299,VILLAVICENCIO,META,,CENTRAL MINORISTA DE ABASTOS DE VILLAVICENCIO - CEMERCA Local B0113,0,0,COMERCIALIZABLE,COMERCIAL,7350000,LOCAL,
18300,VILLAVICENCIO,META,,CENTRAL MINORISTA DE ABASTOS DE VILLAVICENCIO - CEMERCA Local B0114,0,0,COMERCIALIZABLE,CINCO,7350000,LOCAL,
18305,VILLAVICENCIO,META,,CENTRAL MINORISTA DE ABASTOS DE VILLAVICENCIO - CEMERCA Local B0125,0,0,COMERCIALIZABLE,COMERCIAL,7350000,LOCAL,
18306,VILLAVICENCIO,META,,CENTRAL MINORISTA DE ABASTOS DE VILLAVICENCIO - CEMERCA Local B0126,0,0,COMERCIALIZABLE,COMERCIAL,7350000,LOCAL,
18307,VILLAVICENCIO,META,,CENTRAL MINORISTA DE ABASTOS DE VILLAVICENCIO - CEMERCA Local B0127,0,0,COMERCIALIZABLE,COMERCIAL,7350000,LOCAL,
18308,VILLAVICENCIO,META,,CENTRAL MINORISTA DE ABASTOS DE VILLAVICENCIO - CEMERCA Local B0129,0,0,COMERCIALIZABLE,COMERCIAL,7350000,LOCAL,
18309,VILLAVICENCIO,META,,CENTRAL MINORISTA DE ABASTOS DE VILLAVICENCIO - CEMERCA Local B0131,0,0,COMERCIALIZABLE,COMERCIAL,7350000,LOCAL,
18310,VILLAVICENCIO,META,,CENTRAL MINORISTA DE ABASTOS DE VILLAVICENCIO - CEMERCA Local B0133,0,0,EN PUJA,COMERCIAL,7350000,LOCAL,
18311,VILLAVICENCIO,META,,CENTRAL MINORISTA DE ABASTOS DE VILLAVICENCIO - CEMERCA Local B0202,0,0,COMERCIALIZABLE,COMERCIAL,7350000,LOCAL,
18312,VILLAVICENCIO,META,,CENTRAL MINORISTA DE ABASTOS DE VILLAVICENCIO - CEMERCA Local B0206,0,0,COMERCIALIZABLE,COMERCIAL,7350000,LOCAL,
18313,VILLAVICENCIO,META,,CENTRAL MINORISTA DE ABASTOS DE VILLAVICENCIO - CEMERCA Local B0207,0,0,COMERCIALIZABLE,COMERCIAL,7350000,LOCAL,
18314,VILLAVICENCIO,META,,CENTRAL MINORISTA DE ABASTOS DE VILLAVICENCIO - CEMERCA Local B0209,0,0,COMERCIALIZABLE,COMERCIAL,7350000,LOCAL,
18315,VILLAVICENCIO,META,,CENTRAL MINORISTA DE ABASTOS DE VILLAVICENCIO - CEMERCA Local B0211,0,0,COMERCIALIZABLE,COMERCIAL,7350000,LOCAL,
18316,VILLAVICENCIO,META,,CENTRAL MINORISTA DE ABASTOS DE VILLAVICENCIO - CEMERCA Local B0213,0,0,COMERCIALIZABLE,COMERCIAL,7350000,LOCAL,
18317,VILLAVICENCIO,META,,CENTRAL MINORISTA DE ABASTOS DE VILLAVICENCIO - CEMERCA Local B0219,0,0,COMERCIALIZABLE,COMERCIAL,7350000,LOCAL,
18318,VILLAVICENCIO,META,,CENTRAL MINORISTA DE ABASTOS DE VILLAVICENCIO - CEMERCA Local B0228,0,0,COMERCIALIZABLE,COMERCIAL,7350000,LOCAL,
18320,VILLAVICENCIO,META,,CENTRAL MINORISTA DE ABASTOS DE VILLAVICENCIO - CEMERCA Local B0303,0,0,COMERCIALIZABLE,COMERCIAL,7350000,LOCAL,
18321,VILLAVICENCIO,META,,CENTRAL MINORISTA DE ABASTOS DE VILLAVICENCIO - CEMERCA Local B0306,0,0,COMERCIALIZABLE,COMERCIAL,7350000,LOCAL,
18322,VILLAVICENCIO,META,,CENTRAL MINORISTA DE ABASTOS DE VILLAVICENCIO - CEMERCA Local B0309,0,0,COMERCIALIZABLE,COMERCIAL,7350000,LOCAL,
18323,VILLAVICENCIO,META,,CENTRAL MINORISTA DE ABASTOS DE VILLAVICENCIO - CEMERCA Local B0310,0,0,COMERCIALIZABLE,COMERCIAL,7350000,LOCAL,
18324,VILLAVICENCIO,META,,CENTRAL MINORISTA DE ABASTOS DE VILLAVICENCIO - CEMERCA Local B0312,0,0,COMERCIALIZABLE,COMERCIAL,7350000,LOCAL,
18325,VILLAVICENCIO,META,,CENTRAL MINORISTA DE ABASTOS DE VILLAVICENCIO - CEMERCA Local B0314,0,0,COMERCIALIZABLE,COMERCIAL,7350000,LOCAL,
18326,VILLAVICENCIO,META,,CENTRAL MINORISTA DE ABASTOS DE VILLAVICENCIO - CEMERCA Local B0315,0,0,COMERCIALIZABLE,COMERCIAL,7350000,LOCAL,
18327,VILLAVICENCIO,META,,CENTRAL MINORISTA DE ABASTOS DE VILLAVICENCIO - CEMERCA Local B0321,0,0,COMERCIALIZABLE,COMERCIAL,7350000,LOCAL,
18328,VILLAVICENCIO,META,,CENTRAL MINORISTA DE ABASTOS DE VILLAVICENCIO - CEMERCA Local B0322,0,0,COMERCIALIZABLE,COMERCIAL,7350000,LOCAL,
18329,VILLAVICENCIO,META,,CENTRAL MINORISTA DE ABASTOS DE VILLAVICENCIO - CEMERCA Local B0323,0,0,COMERCIALIZABLE,COMERCIAL,7350000,LOCAL,
18330,VILLAVICENCIO,META,,CENTRAL MINORISTA DE ABASTOS DE VILLAVICENCIO - CEMERCA Local B0324,0,0,COMERCIALIZABLE,COMERCIAL,7350000,LOCAL,
18331,VILLAVICENCIO,META,,CENTRAL MINORISTA DE ABASTOS DE VILLAVICENCIO - CEMERCA Local B0327,0,0,COMERCIALIZABLE,COMERCIAL,7350000,LOCAL,
18332,VILLAVICENCIO,META,,CENTRAL MINORISTA DE ABASTOS DE VILLAVICENCIO - CEMERCA Local B0329,0,0,COMERCIALIZABLE,COMERCIAL,7350000,LOCAL,
18333,VILLAVICENCIO,META,,CENTRAL MINORISTA DE ABASTOS DE VILLAVICENCIO - CEMERCA Local B0330,0,0,COMERCIALIZABLE,COMERCIAL,7350000,LOCAL,
18334,VILLAVICENCIO,META,,CENTRAL MINORISTA DE ABASTOS DE VILLAVICENCIO - CEMERCA Local B0331,0,0,COMERCIALIZABLE,COMERCIAL,7350000,LOCAL,
18335,VILLAVICENCIO,META,,CENTRAL MINORISTA DE ABASTOS DE VILLAVICENCIO - CEMERCA Local B0333,0,0,COMERCIALIZABLE,COMERCIAL,7350000,LOCAL,
19140,CALI,VALLE DEL CAUCA,,Calle 52W No. 5A-92 AG 13 Depósito 38 Centro Comercial Santiago,0,0,COMERCIALIZABLE TERCEROS,CUATRO,7152000,DEPOSITO,"¡OPORTUNIDAD PARA INVERTIR! DEPOSITO, UBICADO EN EL NORTE DE CALI CON CERCANIA A PUNTOS INTERES COMO LA TERMINAL DE TRANSPORTES, COLEGIO HISPANOAMERICANO, EL VIVERO MUNICIPAL, EL MONUMENTO A LA SOLIDARIDAD, CLUB COLOMBIA Y PARQUE VERSALLES."
18842,CARTAGENA,BOLÍVAR,,"KILÓMETRO 4  DE LA VÍA MAMONAL  CARRERA 56, #60D-240, #60D-170, BODEGA 5A BARRIO ARROZ BARATO SECTOR PUERTA DE HIERRO",0,0,COMERCIALIZABLE CON RESTRICCION,DOS,377434000,BODEGA,"ESTE PORCENTAJE DE PROPIEDAD SE VENDE JUNTO CON OTROS 14 QUE CORRESPONDEN A BODEGAS UBICADAS EN LA  MISMA ZONA, POR UN PRECIO MINIMO DE VENTA DE $280.772.600."
18137,VILLAVICENCIO,META,,CENTRAL MINORISTA DE ABASTOS DE VILLAVICENCIO - CEMERCA Local A1910,0,0,COMERCIALIZABLE,COMERCIAL,6884500,LOCAL,
18447,VILLAVICENCIO,META,,CENTRAL MINORISTA DE ABASTOS DE VILLAVICENCIO - CEMERCA Local G0705,0,0,COMERCIALIZABLE,COMERCIAL,6835500,LOCAL,
17336,PEREIRA,RISARALDA,AV 30 DE AGOSTO,CL 69  Ó ACCESO A CUBA  AV 30 DE AGOSTO  LOTE 13,0,0,COMERCIALIZABLE CON RESTRICCION,DOS,6832720,LOTE VIVIENDA,
11335,CALI,VALLE DEL CAUCA,CIUDADELA CHIPICHAPE,LT  B  PARTE DEL PREDIO CHIPICHAPE,430399.68,0,COMERCIALIZABLE FIDUCIA,RURAL,1667784060,LOTE VIVIENDA,"CISA VENDE SOLO LOS DERECHOS FIDUCIARIOS DEL 0.388%.
FIDEICOMISO ADMINISTRADO POR ACCION FIDUCIARIA S.A."
17337,PEREIRA,RISARALDA,AV 30 DE AGOSTO,CL 69  O ACCESO A CUBA  AV 30 DE AGOSTO  LOTE 13 A,0,0,COMERCIALIZABLE CON RESTRICCION,DOS,6333900,LOTE VIVIENDA,
12118,CALIMA EL DARIEN,VALLE DEL CAUCA,VEREDA PALERMO,LT 3B3,3073,0,COMERCIALIZABLE FIDUCIA,RURAL,49168000,LOTE VIVIENDA,"LOTE DE TERRENO QUE HACE PARTE DEL PROYECTO CALIMA RESORT, SECTOR QUE SE CARACTERIZA POR SER UNO DE LOS SITIOS MÁS IMPORTANTES DE INTERÉS AMBIENTAL, PAISAJÍSTICO Y RECREACIONAL DEL VALLE DEL CAUCA."
17009,VALENCIA,CÓRDOBA,,CALLE PRINCIPAL - CORREGIMIENTO GUADUAL,0,0,COMERCIALIZABLE,RURAL,4650000,LOTE AGRICOLA,LOTE RURAL DE USO AGRICOLA LOCALIZADO DEN LA VEREDA GUADUAL ALTO DEL MUNICIPIO DE VALENCIA CON UN ÁREA APROXIMADA DE 10.00 M2
16752,PEREIRA,RISARALDA,,CALLE 4  15  20 LOTE,0,0,COMERCIALIZABLE,CUATRO,282520862.6,LOTE VIVIENDA,
16909,MARSELLA,RISARALDA,,Local No 15 Sector Terminal de Transportes,0,0,COMERCIALIZABLE CON RESTRICCION,DOS,24000000,LOCAL,"GRAN OPORTUNIDAD DE INVERSIÓN LOCAL NO 15 SECTOR TERMINAL DE TRANSPORTES DONDE SE ARTICULAN ACTIVIDADES COMERCIALES, CENTROS COMERCIALES, TIENDAS, EXCELENTES PERSPECTIVAS DE VALORIZACIÓN, MUY BUENAS VÍAS DE ACCESO."
12709,CALI,VALLE DEL CAUCA,PRADOS DEL NORTE,CL 30N #  2B-38 LOCAL 562  CENTRO COMERCIAL SANTIAGO,0,0,COMERCIALIZABLE CON RESTRICCION,CUATRO,29605338.62,LOCAL,"¡OPORTUNIDAD PARA INVERTIR! LOCAL EN PROINDIVISO, UBICADO EN EL NORTE DE CALI CON CERCANIA A PUNTOS INTERES COMO LA TERMINAL DE TRANSPORTES, COLEGIO HISPANOAMERICANO, EL VIVERO MUNICIPAL, EL MONUMENTO A LA SOLIDARIDAD, CLUB COLOMBIA Y PARQUE VERSALLE"
17992,BOGOTA,CUNDINAMARCA,,CR 70 NO. 49-77,0,0,COMERCIALIZABLE CON RESTRICCION,CUATRO,1448241600,CASA,
12708,CALI,VALLE DEL CAUCA,PRADOS DEL NORTE,CL 30N #  2B-38 LOCAL 564 CENTRO COMERCIAL SANTIAGO,0,0,COMERCIALIZABLE CON RESTRICCION,CUATRO,20701337.03,LOCAL,"¡OPORTUNIDAD PARA INVERTIR! LOCAL EN PROINDIVISO, UBICADO EN EL NORTE DE CALI CON CERCANIA A PUNTOS INTERES COMO LA TERMINAL DE TRANSPORTES, COLEGIO HISPANOAMERICANO, EL VIVERO MUNICIPAL, EL MONUMENTO A LA SOLIDARIDAD, CLUB COLOMBIA Y PARQUE VERSALLE"
12706,CALI,VALLE DEL CAUCA,PRADOS DEL NORTE,CL 30N #  2B-38 LOCAL 367 CENTRO COMERCIAL SANTIAGO,0,0,COMERCIALIZABLE CON RESTRICCION,CUATRO,20608003.68,LOCAL,"¡OPORTUNIDAD PARA INVERTIR! LOCAL EN PROINDIVISO, UBICADO EN EL NORTE DE CALI CON CERCANIA A PUNTOS INTERES COMO LA TERMINAL DE TRANSPORTES, COLEGIO HISPANOAMERICANO, EL VIVERO MUNICIPAL, EL MONUMENTO A LA SOLIDARIDAD, CLUB COLOMBIA Y PARQUE VERSALLE"
12707,CALI,VALLE DEL CAUCA,PRADOS DEL NORTE,CL 30N #  2B-38 LOCAL 370 CENTRO COMERCIAL SANTIAGO,0,0,COMERCIALIZABLE CON RESTRICCION,CUATRO,20608003.68,LOCAL,"¡OPORTUNIDAD PARA INVERTIR! LOCAL EN PROINDIVISO, UBICADO EN EL NORTE DE CALI CON CERCANIA A PUNTOS INTERES COMO LA TERMINAL DE TRANSPORTES, COLEGIO HISPANOAMERICANO, EL VIVERO MUNICIPAL, EL MONUMENTO A LA SOLIDARIDAD, CLUB COLOMBIA Y PARQUE VERSALLE"
